top_absence,abundance,type,lifeform,target_abbr,target,constituents
TRUE,FALSE,diagnostic species set,1. needleleaf tree,abies,Fir Trees,Abies
TRUE,FALSE,diagnostic species set,1. needleleaf tree,abies,Fir Trees,Abies amabilis
TRUE,FALSE,diagnostic species set,1. needleleaf tree,abies,Fir Trees,Abies lasiocarpa
TRUE,FALSE,diagnostic species set,1. needleleaf tree,calnoo,Alaska Yellow Cedar,Callitropsis
TRUE,FALSE,diagnostic species set,1. needleleaf tree,calnoo,Alaska Yellow Cedar,Callitropsis nootkatensis
TRUE,FALSE,diagnostic species set,1. needleleaf tree,larlar,Tamarack,Larix
TRUE,FALSE,diagnostic species set,1. needleleaf tree,larlar,Tamarack,Larix laricina
TRUE,TRUE,diagnostic species set,1. needleleaf tree,neetre,Needleleaf Trees,Abies
TRUE,TRUE,diagnostic species set,1. needleleaf tree,neetre,Needleleaf Trees,Abies amabilis
TRUE,TRUE,diagnostic species set,1. needleleaf tree,neetre,Needleleaf Trees,Abies lasiocarpa
TRUE,TRUE,diagnostic species set,1. needleleaf tree,neetre,Needleleaf Trees,Callitropsis
TRUE,TRUE,diagnostic species set,1. needleleaf tree,neetre,Needleleaf Trees,Callitropsis nootkatensis
TRUE,TRUE,diagnostic species set,1. needleleaf tree,neetre,Needleleaf Trees,Larix
TRUE,TRUE,diagnostic species set,1. needleleaf tree,neetre,Needleleaf Trees,Larix laricina
TRUE,TRUE,diagnostic species set,1. needleleaf tree,neetre,Needleleaf Trees,Picea
TRUE,TRUE,diagnostic species set,1. needleleaf tree,neetre,Needleleaf Trees,Picea ×lutzii
TRUE,TRUE,diagnostic species set,1. needleleaf tree,neetre,Needleleaf Trees,Picea glauca
TRUE,TRUE,diagnostic species set,1. needleleaf tree,neetre,Needleleaf Trees,Picea mariana
TRUE,TRUE,diagnostic species set,1. needleleaf tree,neetre,Needleleaf Trees,Picea sitchensis
TRUE,TRUE,diagnostic species set,1. needleleaf tree,neetre,Needleleaf Trees,Pinus
TRUE,TRUE,diagnostic species set,1. needleleaf tree,neetre,Needleleaf Trees,Pinus contorta
TRUE,TRUE,diagnostic species set,1. needleleaf tree,neetre,Needleleaf Trees,Pinus contorta var. contorta
TRUE,TRUE,diagnostic species set,1. needleleaf tree,neetre,Needleleaf Trees,Pinus contorta var. latifolia
TRUE,TRUE,diagnostic species set,1. needleleaf tree,neetre,Needleleaf Trees,Taxus
TRUE,TRUE,diagnostic species set,1. needleleaf tree,neetre,Needleleaf Trees,Taxus brevifolia
TRUE,TRUE,diagnostic species set,1. needleleaf tree,neetre,Needleleaf Trees,Thuja
TRUE,TRUE,diagnostic species set,1. needleleaf tree,neetre,Needleleaf Trees,Thuja plicata
TRUE,TRUE,diagnostic species set,1. needleleaf tree,neetre,Needleleaf Trees,tree needleleaf
TRUE,TRUE,diagnostic species set,1. needleleaf tree,neetre,Needleleaf Trees,Tsuga
TRUE,TRUE,diagnostic species set,1. needleleaf tree,neetre,Needleleaf Trees,Tsuga heterophylla
TRUE,TRUE,diagnostic species set,1. needleleaf tree,neetre,Needleleaf Trees,Tsuga mertensiana
TRUE,TRUE,diagnostic species set,1. needleleaf tree,picgla,White Spruce,Picea ×lutzii
TRUE,TRUE,diagnostic species set,1. needleleaf tree,picgla,White Spruce,Picea glauca
TRUE,TRUE,diagnostic species set,1. needleleaf tree,picmar,Black Spruce,Picea mariana
TRUE,TRUE,diagnostic species set,1. needleleaf tree,picsit,Sitka Spruce,Picea sitchensis
TRUE,FALSE,diagnostic species set,1. needleleaf tree,pinus,Shore and Lodgepole Pine,Pinus
TRUE,FALSE,diagnostic species set,1. needleleaf tree,pinus,Shore and Lodgepole Pine,Pinus contorta
TRUE,FALSE,diagnostic species set,1. needleleaf tree,pinus,Shore and Lodgepole Pine,Pinus contorta var. contorta
TRUE,FALSE,diagnostic species set,1. needleleaf tree,pinus,Shore and Lodgepole Pine,Pinus contorta var. latifolia
TRUE,TRUE,diagnostic species set,1. needleleaf tree,tsuhet,Western Hemlock,Tsuga heterophylla
TRUE,TRUE,diagnostic species set,1. needleleaf tree,tsumer,Mountain Hemlock,Tsuga mertensiana
TRUE,TRUE,diagnostic species set,2. broadleaf tree,bettre,Birch Trees,Betula kenaica
TRUE,TRUE,diagnostic species set,2. broadleaf tree,bettre,Birch Trees,Betula neoalaskana
TRUE,TRUE,diagnostic species set,2. broadleaf tree,bettre,Birch Trees,Betula papyrifera
TRUE,TRUE,diagnostic species set,2. broadleaf tree,brotre,Broadleaf Trees,Betula kenaica
TRUE,TRUE,diagnostic species set,2. broadleaf tree,brotre,Broadleaf Trees,Betula neoalaskana
TRUE,TRUE,diagnostic species set,2. broadleaf tree,brotre,Broadleaf Trees,Betula papyrifera
TRUE,TRUE,diagnostic species set,2. broadleaf tree,brotre,Broadleaf Trees,Malus fusca
TRUE,TRUE,diagnostic species set,2. broadleaf tree,brotre,Broadleaf Trees,Populus
TRUE,TRUE,diagnostic species set,2. broadleaf tree,brotre,Broadleaf Trees,Populus balsamifera
TRUE,TRUE,diagnostic species set,2. broadleaf tree,brotre,Broadleaf Trees,Populus tremuloides
TRUE,TRUE,diagnostic species set,2. broadleaf tree,brotre,Broadleaf Trees,Populus trichocarpa
TRUE,TRUE,diagnostic species set,2. broadleaf tree,brotre,Broadleaf Trees,tree broadleaf
TRUE,TRUE,diagnostic species set,2. broadleaf tree,poptre,Aspen,Populus tremuloides
TRUE,TRUE,diagnostic species set,2. broadleaf tree,populbt,Poplar and Cottonwood,Populus balsamifera
TRUE,TRUE,diagnostic species set,2. broadleaf tree,populbt,Poplar and Cottonwood,Populus trichocarpa
TRUE,TRUE,diagnostic species set,3. shrub,alnus,Alder Shrubs,Alnus
TRUE,TRUE,diagnostic species set,3. shrub,alnus,Alder Shrubs,Alnus alnobetula
TRUE,TRUE,diagnostic species set,3. shrub,alnus,Alder Shrubs,Alnus alnobetula ssp. fruticosa
TRUE,TRUE,diagnostic species set,3. shrub,alnus,Alder Shrubs,Alnus alnobetula ssp. sinuata
TRUE,TRUE,diagnostic species set,3. shrub,alnus,Alder Shrubs,Alnus incana
TRUE,TRUE,diagnostic species set,3. shrub,alnus,Alder Shrubs,Alnus incana ssp. tenuifolia
FALSE,TRUE,diagnostic species set,3. shrub,bderishr,Tall Blueberry Shrubs,Vaccinium alaskaense
FALSE,TRUE,diagnostic species set,3. shrub,bderishr,Tall Blueberry Shrubs,Vaccinium membranaceum
FALSE,TRUE,diagnostic species set,3. shrub,bderishr,Tall Blueberry Shrubs,Vaccinium ovalifolium
FALSE,TRUE,diagnostic species set,3. shrub,bderishr,Tall Blueberry Shrubs,Vaccinium parvifolium
TRUE,TRUE,diagnostic species set,3. shrub,betshr,Birch Shrubs,Betula glandulosa
TRUE,TRUE,diagnostic species set,3. shrub,betshr,Birch Shrubs,Betula nana
TRUE,TRUE,diagnostic species set,3. shrub,betshr,Birch Shrubs,Betula nana ssp. exilis
TRUE,TRUE,diagnostic species set,3. shrub,ndsalix,Willow Shrubs,Salix
TRUE,TRUE,diagnostic species set,3. shrub,ndsalix,Willow Shrubs,Salix alaxensis
TRUE,TRUE,diagnostic species set,3. shrub,ndsalix,Willow Shrubs,Salix alaxensis var. alaxensis
TRUE,TRUE,diagnostic species set,3. shrub,ndsalix,Willow Shrubs,Salix alaxensis var. longistylis
TRUE,TRUE,diagnostic species set,3. shrub,ndsalix,Willow Shrubs,Salix arbusculoides
TRUE,TRUE,diagnostic species set,3. shrub,ndsalix,Willow Shrubs,Salix athabascensis
TRUE,TRUE,diagnostic species set,3. shrub,ndsalix,Willow Shrubs,Salix barclayi
TRUE,TRUE,diagnostic species set,3. shrub,ndsalix,Willow Shrubs,Salix barrattiana
TRUE,TRUE,diagnostic species set,3. shrub,ndsalix,Willow Shrubs,Salix bebbiana
TRUE,TRUE,diagnostic species set,3. shrub,ndsalix,Willow Shrubs,Salix candida
TRUE,TRUE,diagnostic species set,3. shrub,ndsalix,Willow Shrubs,Salix commutata
TRUE,TRUE,diagnostic species set,3. shrub,ndsalix,Willow Shrubs,Salix glauca
TRUE,TRUE,diagnostic species set,3. shrub,ndsalix,Willow Shrubs,Salix glauca ssp. acutifolia
TRUE,TRUE,diagnostic species set,3. shrub,ndsalix,Willow Shrubs,Salix glauca ssp. stipulifera
TRUE,TRUE,diagnostic species set,3. shrub,ndsalix,Willow Shrubs,Salix hastata
TRUE,TRUE,diagnostic species set,3. shrub,ndsalix,Willow Shrubs,Salix hookeriana
TRUE,TRUE,diagnostic species set,3. shrub,ndsalix,Willow Shrubs,Salix interior
TRUE,TRUE,diagnostic species set,3. shrub,ndsalix,Willow Shrubs,Salix lasiandra
TRUE,TRUE,diagnostic species set,3. shrub,ndsalix,Willow Shrubs,Salix lasiandra var. caudata
TRUE,TRUE,diagnostic species set,3. shrub,ndsalix,Willow Shrubs,Salix lasiandra var. lasiandra
TRUE,TRUE,diagnostic species set,3. shrub,ndsalix,Willow Shrubs,Salix niphoclada
TRUE,TRUE,diagnostic species set,3. shrub,ndsalix,Willow Shrubs,Salix planifolia
TRUE,TRUE,diagnostic species set,3. shrub,ndsalix,Willow Shrubs,Salix prolixa
TRUE,TRUE,diagnostic species set,3. shrub,ndsalix,Willow Shrubs,Salix pseudomonticola
TRUE,TRUE,diagnostic species set,3. shrub,ndsalix,Willow Shrubs,Salix pseudomyrsinites
TRUE,TRUE,diagnostic species set,3. shrub,ndsalix,Willow Shrubs,Salix pulchra
TRUE,TRUE,diagnostic species set,3. shrub,ndsalix,Willow Shrubs,Salix richardsonii
TRUE,TRUE,diagnostic species set,3. shrub,ndsalix,Willow Shrubs,Salix scouleriana
TRUE,TRUE,diagnostic species set,3. shrub,ndsalix,Willow Shrubs,Salix setchelliana
TRUE,TRUE,diagnostic species set,3. shrub,ndsalix,Willow Shrubs,Salix sitchensis
TRUE,TRUE,diagnostic species set,3. shrub,rhoshr,Rhododendron Shrubs,Rhododendron
TRUE,TRUE,diagnostic species set,3. shrub,rhoshr,Rhododendron Shrubs,Rhododendron groenlandicum
TRUE,TRUE,diagnostic species set,3. shrub,rhoshr,Rhododendron Shrubs,Rhododendron lapponicum
TRUE,TRUE,diagnostic species set,3. shrub,rhoshr,Rhododendron Shrubs,Rhododendron lapponicum ssp. alpinum
TRUE,TRUE,diagnostic species set,3. shrub,rhoshr,Rhododendron Shrubs,Rhododendron tomentosum
TRUE,TRUE,diagnostic species set,3. shrub,rhoshr,Rhododendron Shrubs,Rhododendron tomentosum ssp. decumbens
TRUE,TRUE,diagnostic species set,3. shrub,rubspe,Salmonberry,Rubus spectabilis
TRUE,TRUE,diagnostic species set,3. shrub,vaculi,Low Blueberry Shrubs,Vaccinium uliginosum
TRUE,TRUE,diagnostic species set,3. shrub,vaculi,Low Blueberry Shrubs,Vaccinium caespitosum
TRUE,TRUE,diagnostic species set,4. dwarf shrub,dryas,Dryas Dwarf Shrubs,Dryas
TRUE,TRUE,diagnostic species set,4. dwarf shrub,dryas,Dryas Dwarf Shrubs,Dryas ajanensis
TRUE,TRUE,diagnostic species set,4. dwarf shrub,dryas,Dryas Dwarf Shrubs,Dryas ajanensis ssp. beringensis
TRUE,TRUE,diagnostic species set,4. dwarf shrub,dryas,Dryas Dwarf Shrubs,Dryas alaskensis
TRUE,TRUE,diagnostic species set,4. dwarf shrub,dryas,Dryas Dwarf Shrubs,Dryas drummondii
TRUE,TRUE,diagnostic species set,4. dwarf shrub,dryas,Dryas Dwarf Shrubs,Dryas hookeriana
TRUE,TRUE,diagnostic species set,4. dwarf shrub,dryas,Dryas Dwarf Shrubs,Dryas integrifolia
TRUE,TRUE,diagnostic species set,4. dwarf shrub,dryas,Dryas Dwarf Shrubs,Dryas integrifolia ssp. integrifolia
TRUE,TRUE,diagnostic species set,4. dwarf shrub,dryas,Dryas Dwarf Shrubs,Dryas integrifolia ssp. sylvatica
TRUE,TRUE,diagnostic species set,4. dwarf shrub,dsalix,Willow Dwarf Shrubs,Salix arctica
TRUE,TRUE,diagnostic species set,4. dwarf shrub,dsalix,Willow Dwarf Shrubs,Salix arctophila
TRUE,TRUE,diagnostic species set,4. dwarf shrub,dsalix,Willow Dwarf Shrubs,Salix chamissonis
TRUE,TRUE,diagnostic species set,4. dwarf shrub,dsalix,Willow Dwarf Shrubs,Salix nummularia
TRUE,TRUE,diagnostic species set,4. dwarf shrub,dsalix,Willow Dwarf Shrubs,Salix ovalifolia
TRUE,TRUE,diagnostic species set,4. dwarf shrub,dsalix,Willow Dwarf Shrubs,Salix ovalifolia var. arctolitoralis
TRUE,TRUE,diagnostic species set,4. dwarf shrub,dsalix,Willow Dwarf Shrubs,Salix ovalifolia var. cyclophylla
TRUE,TRUE,diagnostic species set,4. dwarf shrub,dsalix,Willow Dwarf Shrubs,Salix ovalifolia var. glacialis
TRUE,TRUE,diagnostic species set,4. dwarf shrub,dsalix,Willow Dwarf Shrubs,Salix ovalifolia var. ovalifolia
TRUE,TRUE,diagnostic species set,4. dwarf shrub,dsalix,Willow Dwarf Shrubs,Salix phlebophylla
TRUE,TRUE,diagnostic species set,4. dwarf shrub,dsalix,Willow Dwarf Shrubs,Salix polaris
TRUE,TRUE,diagnostic species set,4. dwarf shrub,dsalix,Willow Dwarf Shrubs,Salix reticulata
TRUE,TRUE,diagnostic species set,4. dwarf shrub,dsalix,Willow Dwarf Shrubs,Salix rotundifolia
TRUE,TRUE,diagnostic species set,4. dwarf shrub,dsalix,Willow Dwarf Shrubs,Salix rotundifolia var. dodgeana
TRUE,TRUE,diagnostic species set,4. dwarf shrub,dsalix,Willow Dwarf Shrubs,Salix rotundifolia var. rotundifolia
TRUE,TRUE,diagnostic species set,4. dwarf shrub,dsalix,Willow Dwarf Shrubs,Salix sphenophylla
TRUE,TRUE,diagnostic species set,4. dwarf shrub,dsalix,Willow Dwarf Shrubs,Salix sphenophylla ssp. pseudotorulosa
TRUE,TRUE,diagnostic species set,4. dwarf shrub,dsalix,Willow Dwarf Shrubs,Salix stolonifera
TRUE,TRUE,diagnostic species set,4. dwarf shrub,empnig,Crowberry,Empetrum
TRUE,TRUE,diagnostic species set,4. dwarf shrub,empnig,Crowberry,Empetrum nigrum
TRUE,TRUE,diagnostic species set,4. dwarf shrub,nerishr,Needleleaf Ericaceous Shrubs,Cassiope
TRUE,TRUE,diagnostic species set,4. dwarf shrub,nerishr,Needleleaf Ericaceous Shrubs,Cassiope lycopodioides
TRUE,TRUE,diagnostic species set,4. dwarf shrub,nerishr,Needleleaf Ericaceous Shrubs,Cassiope mertensiana
TRUE,TRUE,diagnostic species set,4. dwarf shrub,nerishr,Needleleaf Ericaceous Shrubs,Cassiope tetragona
TRUE,TRUE,diagnostic species set,4. dwarf shrub,nerishr,Needleleaf Ericaceous Shrubs,Cassiope tetragona ssp. saximontana
TRUE,TRUE,diagnostic species set,4. dwarf shrub,nerishr,Needleleaf Ericaceous Shrubs,Cassiope tetragona ssp. tetragona
TRUE,TRUE,diagnostic species set,4. dwarf shrub,nerishr,Needleleaf Ericaceous Shrubs,Empetrum
TRUE,TRUE,diagnostic species set,4. dwarf shrub,nerishr,Needleleaf Ericaceous Shrubs,Empetrum nigrum
TRUE,TRUE,diagnostic species set,4. dwarf shrub,nerishr,Needleleaf Ericaceous Shrubs,Harrimanella
TRUE,TRUE,diagnostic species set,4. dwarf shrub,nerishr,Needleleaf Ericaceous Shrubs,Harrimanella stelleriana
TRUE,TRUE,diagnostic species set,4. dwarf shrub,nerishr,Needleleaf Ericaceous Shrubs,Phyllodoce
TRUE,TRUE,diagnostic species set,4. dwarf shrub,nerishr,Needleleaf Ericaceous Shrubs,Phyllodoce aleutica
TRUE,TRUE,diagnostic species set,4. dwarf shrub,nerishr,Needleleaf Ericaceous Shrubs,Phyllodoce caerulea
TRUE,TRUE,diagnostic species set,4. dwarf shrub,nerishr,Needleleaf Ericaceous Shrubs,Phyllodoce empetriformis
TRUE,TRUE,diagnostic species set,4. dwarf shrub,nerishr,Needleleaf Ericaceous Shrubs,Phyllodoce glanduliflora
FALSE,TRUE,diagnostic species set,4. dwarf shrub,vacvit,Lingonberry,Vaccinium vitis-idaea
TRUE,TRUE,diagnostic species set,5. graminoid,erivag,Tussock Cottongrass,Eriophorum vaginatum
FALSE,TRUE,functional group,5. graminoid,gramin,Graminoids,graminoid
TRUE,TRUE,diagnostic species set,5. graminoid,halgra,Halophytic Graminoids,Calamagrostis deschampsioides
TRUE,TRUE,diagnostic species set,5. graminoid,halgra,Halophytic Graminoids,Carex glareosa
TRUE,TRUE,diagnostic species set,5. graminoid,halgra,Halophytic Graminoids,Carex glareosa ssp. glareosa
TRUE,TRUE,diagnostic species set,5. graminoid,halgra,Halophytic Graminoids,Carex glareosa ssp. pribylovensis
TRUE,TRUE,diagnostic species set,5. graminoid,halgra,Halophytic Graminoids,Carex lyngbyei
TRUE,TRUE,diagnostic species set,5. graminoid,halgra,Halophytic Graminoids,Carex ramenskii
TRUE,TRUE,diagnostic species set,5. graminoid,halgra,Halophytic Graminoids,Carex subspathacea
TRUE,TRUE,diagnostic species set,5. graminoid,halgra,Halophytic Graminoids,Carex ursina
TRUE,TRUE,diagnostic species set,5. graminoid,halgra,Halophytic Graminoids,Puccinellia alaskana
TRUE,TRUE,diagnostic species set,5. graminoid,halgra,Halophytic Graminoids,Puccinellia andersonii
TRUE,TRUE,diagnostic species set,5. graminoid,halgra,Halophytic Graminoids,Puccinellia angustata
TRUE,TRUE,diagnostic species set,5. graminoid,halgra,Halophytic Graminoids,Puccinellia geniculata
TRUE,TRUE,diagnostic species set,5. graminoid,halgra,Halophytic Graminoids,Puccinellia nutkaensis
TRUE,TRUE,diagnostic species set,5. graminoid,halgra,Halophytic Graminoids,Puccinellia phryganodes
TRUE,TRUE,diagnostic species set,5. graminoid,halgra,Halophytic Graminoids,Puccinellia pumila
TRUE,TRUE,diagnostic species set,5. graminoid,halgra,Halophytic Graminoids,Puccinellia vaginata
TRUE,TRUE,diagnostic species set,5. graminoid,mwcalama,Mesic-wet Calamagrostis,Calamagrostis canadensis
TRUE,TRUE,diagnostic species set,5. graminoid,mwcalama,Mesic-wet Calamagrostis,Calamagrostis canadensis ssp. canadensis
TRUE,TRUE,diagnostic species set,5. graminoid,mwcalama,Mesic-wet Calamagrostis,Calamagrostis canadensis ssp. langsdorffii
TRUE,TRUE,diagnostic species set,5. graminoid,mwcalama,Mesic-wet Calamagrostis,Calamagrostis inexpansa
TRUE,TRUE,diagnostic species set,5. graminoid,mwcalama,Mesic-wet Calamagrostis,Calamagrostis neglecta
TRUE,TRUE,diagnostic species set,5. graminoid,mwcalama,Mesic-wet Calamagrostis,Calamagrostis neglecta ssp. groenlandica
TRUE,TRUE,diagnostic species set,5. graminoid,mwcalama,Mesic-wet Calamagrostis,Calamagrostis neglecta ssp. neglecta
TRUE,FALSE,diagnostic species set,5. graminoid,wetgram,Wetland Grasses and Rushes,Agrostis clavata
TRUE,FALSE,diagnostic species set,5. graminoid,wetgram,Wetland Grasses and Rushes,Alopecurus aequalis
TRUE,FALSE,diagnostic species set,5. graminoid,wetgram,Wetland Grasses and Rushes,Alopecurus geniculatus
TRUE,FALSE,diagnostic species set,5. graminoid,wetgram,Wetland Grasses and Rushes,Arctophila fulva
TRUE,FALSE,diagnostic species set,5. graminoid,wetgram,Wetland Grasses and Rushes,Beckmannia syzigachne
TRUE,FALSE,diagnostic species set,5. graminoid,wetgram,Wetland Grasses and Rushes,Catabrosa aquatica
TRUE,FALSE,diagnostic species set,5. graminoid,wetgram,Wetland Grasses and Rushes,Deschampsia brevifolia
TRUE,FALSE,diagnostic species set,5. graminoid,wetgram,Wetland Grasses and Rushes,Deschampsia sukatschewii ssp. borealis
TRUE,FALSE,diagnostic species set,5. graminoid,wetgram,Wetland Grasses and Rushes,Glyceria borealis
TRUE,FALSE,diagnostic species set,5. graminoid,wetgram,Wetland Grasses and Rushes,Glyceria grandis
TRUE,FALSE,diagnostic species set,5. graminoid,wetgram,Wetland Grasses and Rushes,Glyceria grandis var. grandis
TRUE,FALSE,diagnostic species set,5. graminoid,wetgram,Wetland Grasses and Rushes,Glyceria grandis var. komarovii
TRUE,FALSE,diagnostic species set,5. graminoid,wetgram,Wetland Grasses and Rushes,Glyceria leptostachya
TRUE,FALSE,diagnostic species set,5. graminoid,wetgram,Wetland Grasses and Rushes,Glyceria pulchella
TRUE,FALSE,diagnostic species set,5. graminoid,wetgram,Wetland Grasses and Rushes,Glyceria striata
TRUE,FALSE,diagnostic species set,5. graminoid,wetgram,Wetland Grasses and Rushes,Juncus alpinoarticulatus
TRUE,FALSE,diagnostic species set,5. graminoid,wetgram,Wetland Grasses and Rushes,Juncus alpinoarticulatus ssp. americanus
TRUE,FALSE,diagnostic species set,5. graminoid,wetgram,Wetland Grasses and Rushes,Juncus arcticus
TRUE,FALSE,diagnostic species set,5. graminoid,wetgram,Wetland Grasses and Rushes,Juncus arcticus ssp. alaskanus
TRUE,FALSE,diagnostic species set,5. graminoid,wetgram,Wetland Grasses and Rushes,Juncus articulatus
TRUE,FALSE,diagnostic species set,5. graminoid,wetgram,Wetland Grasses and Rushes,Juncus balticus
TRUE,FALSE,diagnostic species set,5. graminoid,wetgram,Wetland Grasses and Rushes,Juncus balticus ssp. ater
TRUE,FALSE,diagnostic species set,5. graminoid,wetgram,Wetland Grasses and Rushes,Juncus biglumis
TRUE,FALSE,diagnostic species set,5. graminoid,wetgram,Wetland Grasses and Rushes,Juncus bufonius
TRUE,FALSE,diagnostic species set,5. graminoid,wetgram,Wetland Grasses and Rushes,Juncus effusus
TRUE,FALSE,diagnostic species set,5. graminoid,wetgram,Wetland Grasses and Rushes,Juncus haenkei
TRUE,FALSE,diagnostic species set,5. graminoid,wetgram,Wetland Grasses and Rushes,Juncus mertensianus
TRUE,FALSE,diagnostic species set,5. graminoid,wetgram,Wetland Grasses and Rushes,Juncus minutulus
TRUE,FALSE,diagnostic species set,5. graminoid,wetgram,Wetland Grasses and Rushes,Juncus nodosus
TRUE,FALSE,diagnostic species set,5. graminoid,wetgram,Wetland Grasses and Rushes,Juncus ranarius
TRUE,FALSE,diagnostic species set,5. graminoid,wetgram,Wetland Grasses and Rushes,Juncus stygius
TRUE,FALSE,diagnostic species set,5. graminoid,wetgram,Wetland Grasses and Rushes,Juncus stygius ssp. americanus
TRUE,FALSE,diagnostic species set,5. graminoid,wetgram,Wetland Grasses and Rushes,Juncus supiniformis
TRUE,FALSE,diagnostic species set,5. graminoid,wetgram,Wetland Grasses and Rushes,Phalaris arundinacea
TRUE,FALSE,diagnostic species set,5. graminoid,wetgram,Wetland Grasses and Rushes,Phalaris arundinacea (cultivar)
TRUE,FALSE,diagnostic species set,5. graminoid,wetgram,Wetland Grasses and Rushes,Phippsia algida
TRUE,FALSE,diagnostic species set,5. graminoid,wetgram,Wetland Grasses and Rushes,Podagrostis aequivalvis
TRUE,FALSE,diagnostic species set,5. graminoid,wetgram,Wetland Grasses and Rushes,Scolochloa festucacea
TRUE,FALSE,diagnostic species set,5. graminoid,wetgram,Wetland Grasses and Rushes,Triglochin maritima
TRUE,FALSE,diagnostic species set,5. graminoid,wetgram,Wetland Grasses and Rushes,Triglochin palustris
TRUE,TRUE,diagnostic species set,5. graminoid,wetsed,Wetland Sedges,Carex adelostoma
TRUE,TRUE,diagnostic species set,5. graminoid,wetsed,Wetland Sedges,Carex aquatilis
TRUE,TRUE,diagnostic species set,5. graminoid,wetsed,Wetland Sedges,Carex arcta
TRUE,TRUE,diagnostic species set,5. graminoid,wetsed,Wetland Sedges,Carex bicolor
TRUE,TRUE,diagnostic species set,5. graminoid,wetsed,Wetland Sedges,Carex chordorrhiza
TRUE,TRUE,diagnostic species set,5. graminoid,wetsed,Wetland Sedges,Carex diandra
TRUE,TRUE,diagnostic species set,5. graminoid,wetsed,Wetland Sedges,Carex echinata
TRUE,TRUE,diagnostic species set,5. graminoid,wetsed,Wetland Sedges,Carex echinata ssp. echinata
TRUE,TRUE,diagnostic species set,5. graminoid,wetsed,Wetland Sedges,Carex echinata ssp. phyllomanica
TRUE,TRUE,diagnostic species set,5. graminoid,wetsed,Wetland Sedges,Carex enanderi
TRUE,TRUE,diagnostic species set,5. graminoid,wetsed,Wetland Sedges,Carex glareosa
TRUE,TRUE,diagnostic species set,5. graminoid,wetsed,Wetland Sedges,Carex glareosa ssp. glareosa
TRUE,TRUE,diagnostic species set,5. graminoid,wetsed,Wetland Sedges,Carex glareosa ssp. pribylovensis
TRUE,TRUE,diagnostic species set,5. graminoid,wetsed,Wetland Sedges,Carex gynocrates
TRUE,TRUE,diagnostic species set,5. graminoid,wetsed,Wetland Sedges,Carex holostoma
TRUE,TRUE,diagnostic species set,5. graminoid,wetsed,Wetland Sedges,Carex interior
TRUE,TRUE,diagnostic species set,5. graminoid,wetsed,Wetland Sedges,Carex kellogii
TRUE,TRUE,diagnostic species set,5. graminoid,wetsed,Wetland Sedges,Carex lachenalii
TRUE,TRUE,diagnostic species set,5. graminoid,wetsed,Wetland Sedges,Carex lasiocarpa
TRUE,TRUE,diagnostic species set,5. graminoid,wetsed,Wetland Sedges,Carex laxa
TRUE,TRUE,diagnostic species set,5. graminoid,wetsed,Wetland Sedges,Carex leptalea
TRUE,TRUE,diagnostic species set,5. graminoid,wetsed,Wetland Sedges,Carex leptalea ssp. leptalea
TRUE,TRUE,diagnostic species set,5. graminoid,wetsed,Wetland Sedges,Carex limosa
TRUE,TRUE,diagnostic species set,5. graminoid,wetsed,Wetland Sedges,Carex livida
TRUE,TRUE,diagnostic species set,5. graminoid,wetsed,Wetland Sedges,Carex lyngbyei
TRUE,TRUE,diagnostic species set,5. graminoid,wetsed,Wetland Sedges,Carex marina
TRUE,TRUE,diagnostic species set,5. graminoid,wetsed,Wetland Sedges,Carex marina ssp. marina
TRUE,TRUE,diagnostic species set,5. graminoid,wetsed,Wetland Sedges,Carex membranacea
TRUE,TRUE,diagnostic species set,5. graminoid,wetsed,Wetland Sedges,Carex microglochin
TRUE,TRUE,diagnostic species set,5. graminoid,wetsed,Wetland Sedges,Carex pauciflora
TRUE,TRUE,diagnostic species set,5. graminoid,wetsed,Wetland Sedges,Carex paupercula
TRUE,TRUE,diagnostic species set,5. graminoid,wetsed,Wetland Sedges,Carex pluriflora
TRUE,TRUE,diagnostic species set,5. graminoid,wetsed,Wetland Sedges,Carex rariflora
TRUE,TRUE,diagnostic species set,5. graminoid,wetsed,Wetland Sedges,Carex rostrata
TRUE,TRUE,diagnostic species set,5. graminoid,wetsed,Wetland Sedges,Carex rotundata
TRUE,TRUE,diagnostic species set,5. graminoid,wetsed,Wetland Sedges,Carex saxatilis
TRUE,TRUE,diagnostic species set,5. graminoid,wetsed,Wetland Sedges,Carex saxatilis ssp. laxa
TRUE,TRUE,diagnostic species set,5. graminoid,wetsed,Wetland Sedges,Carex sitchensis
TRUE,TRUE,diagnostic species set,5. graminoid,wetsed,Wetland Sedges,Carex utriculata
TRUE,TRUE,diagnostic species set,5. graminoid,wetsed,Wetland Sedges,Carex vaginata
TRUE,TRUE,diagnostic species set,5. graminoid,wetsed,Wetland Sedges,Carex viridula
TRUE,TRUE,diagnostic species set,5. graminoid,wetsed,Wetland Sedges,Carex viridula ssp. viridula
TRUE,TRUE,diagnostic species set,5. graminoid,wetsed,Wetland Sedges,Eriophorum ×medium
TRUE,TRUE,diagnostic species set,5. graminoid,wetsed,Wetland Sedges,Eriophorum ×medium ssp. album
TRUE,TRUE,diagnostic species set,5. graminoid,wetsed,Wetland Sedges,Eriophorum angustifolium
TRUE,TRUE,diagnostic species set,5. graminoid,wetsed,Wetland Sedges,Eriophorum chamissonis
TRUE,TRUE,diagnostic species set,5. graminoid,wetsed,Wetland Sedges,Eriophorum gracile
TRUE,TRUE,diagnostic species set,5. graminoid,wetsed,Wetland Sedges,Eriophorum gracile ssp. gracile
TRUE,TRUE,diagnostic species set,5. graminoid,wetsed,Wetland Sedges,Eriophorum komarovii
TRUE,TRUE,diagnostic species set,5. graminoid,wetsed,Wetland Sedges,Eriophorum russeolum
TRUE,TRUE,diagnostic species set,5. graminoid,wetsed,Wetland Sedges,Eriophorum russeolum ssp. leiocarpum
TRUE,TRUE,diagnostic species set,5. graminoid,wetsed,Wetland Sedges,Eriophorum scheuchzeri
TRUE,TRUE,diagnostic species set,5. graminoid,wetsed,Wetland Sedges,Eriophorum scheuchzeri ssp. arcticum
TRUE,TRUE,diagnostic species set,5. graminoid,wetsed,Wetland Sedges,Eriophorum scheuchzeri ssp. scheuchzeri
TRUE,TRUE,diagnostic species set,5. graminoid,wetsed,Wetland Sedges,Eriophorum triste
TRUE,TRUE,diagnostic species set,5. graminoid,wetsed,Wetland Sedges,Eriophorum viridicarinatum
TRUE,TRUE,diagnostic species set,6. forb,beach,Beach Herbaceous,Atriplex gmelinii
TRUE,TRUE,diagnostic species set,6. forb,beach,Beach Herbaceous,Atriplex gmelinii var. alaskensis
TRUE,TRUE,diagnostic species set,6. forb,beach,Beach Herbaceous,Atriplex gmelinii var. gmelinii
TRUE,TRUE,diagnostic species set,6. forb,beach,Beach Herbaceous,Cakile edentula 
TRUE,TRUE,diagnostic species set,6. forb,beach,Beach Herbaceous,Cakile edentula ssp. edentula
TRUE,TRUE,diagnostic species set,6. forb,beach,Beach Herbaceous,Carex gmelinii
TRUE,TRUE,diagnostic species set,6. forb,beach,Beach Herbaceous,Carex macrocephala
TRUE,TRUE,diagnostic species set,6. forb,beach,Beach Herbaceous,Hockenya peploides
TRUE,TRUE,diagnostic species set,6. forb,beach,Beach Herbaceous,Honckenya peploides ssp. diffusa
TRUE,TRUE,diagnostic species set,6. forb,beach,Beach Herbaceous,Honckenya peploides ssp. major
TRUE,TRUE,diagnostic species set,6. forb,beach,Beach Herbaceous,Lathyrus japonicus
TRUE,TRUE,diagnostic species set,6. forb,beach,Beach Herbaceous,Leymus mollis
TRUE,TRUE,diagnostic species set,6. forb,beach,Beach Herbaceous,Leymus mollis ssp. mollis
TRUE,TRUE,diagnostic species set,6. forb,beach,Beach Herbaceous,Leymus mollis ssp. villosissimus
TRUE,TRUE,diagnostic species set,6. forb,beach,Beach Herbaceous,Mertensia maritima
TRUE,TRUE,diagnostic species set,6. forb,beach,Beach Herbaceous,Mertensia maritima ssp. asiatica
TRUE,TRUE,diagnostic species set,6. forb,beach,Beach Herbaceous,Mertensia maritima ssp. tenella
TRUE,TRUE,diagnostic species set,6. forb,beach,Beach Herbaceous,Senecio pseudoarnica
FALSE,TRUE,functional group,6. forb,forb,Forbs,forb
FALSE,TRUE,diagnostic species set,6. forb,wetforb,Wetland Forbs,Acorus americanus
FALSE,TRUE,diagnostic species set,6. forb,wetforb,Wetland Forbs,Alisma triviale
FALSE,TRUE,diagnostic species set,6. forb,wetforb,Wetland Forbs,Bidens cernua
FALSE,TRUE,diagnostic species set,6. forb,wetforb,Wetland Forbs,Brasenia schreberi
FALSE,TRUE,diagnostic species set,6. forb,wetforb,Wetland Forbs,Calla palustris
FALSE,TRUE,diagnostic species set,6. forb,wetforb,Wetland Forbs,Callitriche anceps
FALSE,TRUE,diagnostic species set,6. forb,wetforb,Wetland Forbs,Callitriche hermaphroditica
FALSE,TRUE,diagnostic species set,6. forb,wetforb,Wetland Forbs,Callitriche heterophylla
FALSE,TRUE,diagnostic species set,6. forb,wetforb,Wetland Forbs,Callitriche palustris
FALSE,TRUE,diagnostic species set,6. forb,wetforb,Wetland Forbs,Caltha biflora
FALSE,TRUE,diagnostic species set,6. forb,wetforb,Wetland Forbs,Caltha leptosepala
FALSE,TRUE,diagnostic species set,6. forb,wetforb,Wetland Forbs,Caltha natans
FALSE,TRUE,diagnostic species set,6. forb,wetforb,Wetland Forbs,Caltha palustris
FALSE,TRUE,diagnostic species set,6. forb,wetforb,Wetland Forbs,Caltha palustris ssp. asarifolia
FALSE,TRUE,diagnostic species set,6. forb,wetforb,Wetland Forbs,Caltha palustris ssp. radicans
FALSE,TRUE,diagnostic species set,6. forb,wetforb,Wetland Forbs,Ceratophyllum demersum
FALSE,TRUE,diagnostic species set,6. forb,wetforb,Wetland Forbs,Chrysosplenium tetrandrum
FALSE,TRUE,diagnostic species set,6. forb,wetforb,Wetland Forbs,Cicuta bulbifera
FALSE,TRUE,diagnostic species set,6. forb,wetforb,Wetland Forbs,Cicuta douglasii
FALSE,TRUE,diagnostic species set,6. forb,wetforb,Wetland Forbs,Cicuta virosa
FALSE,TRUE,diagnostic species set,6. forb,wetforb,Wetland Forbs,Comarum palustre
FALSE,TRUE,diagnostic species set,6. forb,wetforb,Wetland Forbs,Coptidium lapponicum
FALSE,TRUE,diagnostic species set,6. forb,wetforb,Wetland Forbs,Coptidium pallasii
FALSE,TRUE,diagnostic species set,6. forb,wetforb,Wetland Forbs,Cotula coronopifolia
FALSE,TRUE,diagnostic species set,6. forb,wetforb,Wetland Forbs,Crassula aquatica
FALSE,TRUE,diagnostic species set,6. forb,wetforb,Wetland Forbs,Drosera anglica
FALSE,TRUE,diagnostic species set,6. forb,wetforb,Wetland Forbs,Drosera rotundifolia
FALSE,TRUE,diagnostic species set,6. forb,wetforb,Wetland Forbs,Elodea canadensis
FALSE,TRUE,diagnostic species set,6. forb,wetforb,Wetland Forbs,Epilobium davuricum
FALSE,TRUE,diagnostic species set,6. forb,wetforb,Wetland Forbs,Epilobium leptophyllum
FALSE,TRUE,diagnostic species set,6. forb,wetforb,Wetland Forbs,Epilobium palustre
FALSE,TRUE,diagnostic species set,6. forb,wetforb,Wetland Forbs,Halerpestes cymbalaria
FALSE,TRUE,diagnostic species set,6. forb,wetforb,Wetland Forbs,Hippuris lanceolata
FALSE,TRUE,diagnostic species set,6. forb,wetforb,Wetland Forbs,Hippuris montana
FALSE,TRUE,diagnostic species set,6. forb,wetforb,Wetland Forbs,Hippuris tetraphylla
FALSE,TRUE,diagnostic species set,6. forb,wetforb,Wetland Forbs,Hippuris vulgaris
FALSE,TRUE,diagnostic species set,6. forb,wetforb,Wetland Forbs,Koenigia islandica
FALSE,TRUE,diagnostic species set,6. forb,wetforb,Wetland Forbs,Lathyrus palustris
FALSE,TRUE,diagnostic species set,6. forb,wetforb,Wetland Forbs,Lathyrus palustris ssp. pilosus
FALSE,TRUE,diagnostic species set,6. forb,wetforb,Wetland Forbs,Lemna minor
FALSE,TRUE,diagnostic species set,6. forb,wetforb,Wetland Forbs,Lemna trisulca
FALSE,TRUE,diagnostic species set,6. forb,wetforb,Wetland Forbs,Lemna turionifera
FALSE,TRUE,diagnostic species set,6. forb,wetforb,Wetland Forbs,Limosella aquatica
FALSE,TRUE,diagnostic species set,6. forb,wetforb,Wetland Forbs,Lobelia dortmanna
FALSE,TRUE,diagnostic species set,6. forb,wetforb,Wetland Forbs,Lomatogonium rotatum
FALSE,TRUE,diagnostic species set,6. forb,wetforb,Wetland Forbs,Lomatogonium rotatum ssp. rotatum
FALSE,TRUE,diagnostic species set,6. forb,wetforb,Wetland Forbs,Lomatogonium rotatum ssp. tenuifolium
FALSE,TRUE,diagnostic species set,6. forb,wetforb,Wetland Forbs,Lycopus lucidus ssp. americanus
FALSE,TRUE,diagnostic species set,6. forb,wetforb,Wetland Forbs,Lycopus uniflorus
FALSE,TRUE,diagnostic species set,6. forb,wetforb,Wetland Forbs,Lysichiton americanus
FALSE,TRUE,diagnostic species set,6. forb,wetforb,Wetland Forbs,Lysimachia maritima
FALSE,TRUE,diagnostic species set,6. forb,wetforb,Wetland Forbs,Lysimachia thyrsiflora
FALSE,TRUE,diagnostic species set,6. forb,wetforb,Wetland Forbs,Lythrum salicaria
FALSE,TRUE,diagnostic species set,6. forb,wetforb,Wetland Forbs,Malaxis paludosa
FALSE,TRUE,diagnostic species set,6. forb,wetforb,Wetland Forbs,Menyanthes trifoliata
FALSE,TRUE,diagnostic species set,6. forb,wetforb,Wetland Forbs,Microseris borealis
FALSE,TRUE,diagnostic species set,6. forb,wetforb,Wetland Forbs,Mimulus guttatus
FALSE,TRUE,diagnostic species set,6. forb,wetforb,Wetland Forbs,Montia chamissoi
FALSE,TRUE,diagnostic species set,6. forb,wetforb,Wetland Forbs,Montia fontana
FALSE,TRUE,diagnostic species set,6. forb,wetforb,Wetland Forbs,Myriophyllum farwellii
FALSE,TRUE,diagnostic species set,6. forb,wetforb,Wetland Forbs,Myriophyllum sibiricum
FALSE,TRUE,diagnostic species set,6. forb,wetforb,Wetland Forbs,Myriophyllum verticillatum
FALSE,TRUE,diagnostic species set,6. forb,wetforb,Wetland Forbs,Najas flexilis
FALSE,TRUE,diagnostic species set,6. forb,wetforb,Wetland Forbs,Nasturtium officinale
FALSE,TRUE,diagnostic species set,6. forb,wetforb,Wetland Forbs,Nephrophyllidium crista-galli
FALSE,TRUE,diagnostic species set,6. forb,wetforb,Wetland Forbs,Nuphar polysepala
FALSE,TRUE,diagnostic species set,6. forb,wetforb,Wetland Forbs,Nymphaea odorata
FALSE,TRUE,diagnostic species set,6. forb,wetforb,Wetland Forbs,Nymphaea odorata ssp. odorata
FALSE,TRUE,diagnostic species set,6. forb,wetforb,Wetland Forbs,Nymphaea tetragona
FALSE,TRUE,diagnostic species set,6. forb,wetforb,Wetland Forbs,Oenanthe sarmentosa
FALSE,TRUE,diagnostic species set,6. forb,wetforb,Wetland Forbs,Oxybasis rubra
FALSE,TRUE,diagnostic species set,6. forb,wetforb,Wetland Forbs,Oxybasis rubra var. humilis
FALSE,TRUE,diagnostic species set,6. forb,wetforb,Wetland Forbs,Oxybasis rubra var. rubra
FALSE,TRUE,diagnostic species set,6. forb,wetforb,Wetland Forbs,Pedicularis chamissonis
FALSE,TRUE,diagnostic species set,6. forb,wetforb,Wetland Forbs,Persicaria amphibia
FALSE,TRUE,diagnostic species set,6. forb,wetforb,Wetland Forbs,Persicaria amphibia ssp. laevimarginata
FALSE,TRUE,diagnostic species set,6. forb,wetforb,Wetland Forbs,Persicaria hydropiperoides
FALSE,TRUE,diagnostic species set,6. forb,wetforb,Wetland Forbs,Phyllospadix scouleri
FALSE,TRUE,diagnostic species set,6. forb,wetforb,Wetland Forbs,Pinguicula villosa
FALSE,TRUE,diagnostic species set,6. forb,wetforb,Wetland Forbs,Pinguicula vulgaris
FALSE,TRUE,diagnostic species set,6. forb,wetforb,Wetland Forbs,Pinguicula vulgaris ssp. macroceras
FALSE,TRUE,diagnostic species set,6. forb,wetforb,Wetland Forbs,Pinguicula vulgaris ssp. vulgaris
FALSE,TRUE,diagnostic species set,6. forb,wetforb,Wetland Forbs,Platanthera chorisiana
FALSE,TRUE,diagnostic species set,6. forb,wetforb,Wetland Forbs,Platanthera huronensis
FALSE,TRUE,diagnostic species set,6. forb,wetforb,Wetland Forbs,Potamogeton alpinus
FALSE,TRUE,diagnostic species set,6. forb,wetforb,Wetland Forbs,Potamogeton alpinus ssp. tenuifolius
FALSE,TRUE,diagnostic species set,6. forb,wetforb,Wetland Forbs,Potamogeton berchtoldii
FALSE,TRUE,diagnostic species set,6. forb,wetforb,Wetland Forbs,Potamogeton epihydrus
FALSE,TRUE,diagnostic species set,6. forb,wetforb,Wetland Forbs,Potamogeton foliosus
FALSE,TRUE,diagnostic species set,6. forb,wetforb,Wetland Forbs,Potamogeton foliosus ssp. foliosus
FALSE,TRUE,diagnostic species set,6. forb,wetforb,Wetland Forbs,Potamogeton friesii
FALSE,TRUE,diagnostic species set,6. forb,wetforb,Wetland Forbs,Potamogeton gramineus
FALSE,TRUE,diagnostic species set,6. forb,wetforb,Wetland Forbs,Potamogeton natans
FALSE,TRUE,diagnostic species set,6. forb,wetforb,Wetland Forbs,Potamogeton obtusifolius
FALSE,TRUE,diagnostic species set,6. forb,wetforb,Wetland Forbs,Potamogeton praelongus
FALSE,TRUE,diagnostic species set,6. forb,wetforb,Wetland Forbs,Potamogeton richardsonii
FALSE,TRUE,diagnostic species set,6. forb,wetforb,Wetland Forbs,Potamogeton robbinsii
FALSE,TRUE,diagnostic species set,6. forb,wetforb,Wetland Forbs,Potamogeton subsibiricus
FALSE,TRUE,diagnostic species set,6. forb,wetforb,Wetland Forbs,Potamogeton zosteriformis
FALSE,TRUE,diagnostic species set,6. forb,wetforb,Wetland Forbs,Primula cuneifolia
FALSE,TRUE,diagnostic species set,6. forb,wetforb,Wetland Forbs,Primula cuneifolia ssp. cuneifolia
FALSE,TRUE,diagnostic species set,6. forb,wetforb,Wetland Forbs,Primula cuneifolia ssp. saxifragifolia
FALSE,TRUE,diagnostic species set,6. forb,wetforb,Wetland Forbs,Ranunculus hyperboreus
FALSE,TRUE,diagnostic species set,6. forb,wetforb,Wetland Forbs,Ranunculus hyperboreus ssp. arnellii
FALSE,TRUE,diagnostic species set,6. forb,wetforb,Wetland Forbs,Ranunculus hyperboreus ssp. hyperboreus
FALSE,TRUE,diagnostic species set,6. forb,wetforb,Wetland Forbs,Ranunculus mongolicus
FALSE,TRUE,diagnostic species set,6. forb,wetforb,Wetland Forbs,Ranunculus sceleratus
FALSE,TRUE,diagnostic species set,6. forb,wetforb,Wetland Forbs,Ranunculus sceleratus ssp. multifidus
FALSE,TRUE,diagnostic species set,6. forb,wetforb,Wetland Forbs,Ranunculus subrigidus
FALSE,TRUE,diagnostic species set,6. forb,wetforb,Wetland Forbs,Ranunculus trichophyllus
FALSE,TRUE,diagnostic species set,6. forb,wetforb,Wetland Forbs,Rumex occidentalis
FALSE,TRUE,diagnostic species set,6. forb,wetforb,Wetland Forbs,Rumex occidentalis ssp. fenestratus
FALSE,TRUE,diagnostic species set,6. forb,wetforb,Wetland Forbs,Ruppia cirrhosa
FALSE,TRUE,diagnostic species set,6. forb,wetforb,Wetland Forbs,Ruppia maritima
FALSE,TRUE,diagnostic species set,6. forb,wetforb,Wetland Forbs,Sagittaria cuneata
FALSE,TRUE,diagnostic species set,6. forb,wetforb,Wetland Forbs,Salicornia depressa
FALSE,TRUE,diagnostic species set,6. forb,wetforb,Wetland Forbs,Saxifraga bracteata
FALSE,TRUE,diagnostic species set,6. forb,wetforb,Wetland Forbs,Saxifraga hirculus
FALSE,TRUE,diagnostic species set,6. forb,wetforb,Wetland Forbs,Saxifraga hirculus ssp. compacta
FALSE,TRUE,diagnostic species set,6. forb,wetforb,Wetland Forbs,Saxifraga hirculus ssp. hirculus
FALSE,TRUE,diagnostic species set,6. forb,wetforb,Wetland Forbs,Saxifraga hirculus ssp. propinqua
FALSE,TRUE,diagnostic species set,6. forb,wetforb,Wetland Forbs,Saxifraga hyperborea
FALSE,TRUE,diagnostic species set,6. forb,wetforb,Wetland Forbs,Saxifraga rivularis
FALSE,TRUE,diagnostic species set,6. forb,wetforb,Wetland Forbs,Saxifraga rivularis ssp. arctolitoralis
FALSE,TRUE,diagnostic species set,6. forb,wetforb,Wetland Forbs,Scheuchzeria palustris
FALSE,TRUE,diagnostic species set,6. forb,wetforb,Wetland Forbs,Scheuchzeria palustris ssp. americana
FALSE,TRUE,diagnostic species set,6. forb,wetforb,Wetland Forbs,Scutellaria galericulata
FALSE,TRUE,diagnostic species set,6. forb,wetforb,Wetland Forbs,Scutellaria galericulata ssp. pubescens
FALSE,TRUE,diagnostic species set,6. forb,wetforb,Wetland Forbs,Sium suave
FALSE,TRUE,diagnostic species set,6. forb,wetforb,Wetland Forbs,Sparganium angustifolium
FALSE,TRUE,diagnostic species set,6. forb,wetforb,Wetland Forbs,Sparganium emersum
FALSE,TRUE,diagnostic species set,6. forb,wetforb,Wetland Forbs,Sparganium hyperboreum
FALSE,TRUE,diagnostic species set,6. forb,wetforb,Wetland Forbs,Sparganium multipedunculatum
FALSE,TRUE,diagnostic species set,6. forb,wetforb,Wetland Forbs,Sparganium natans
FALSE,TRUE,diagnostic species set,6. forb,wetforb,Wetland Forbs,Spiranthes romanzoffiana
FALSE,TRUE,diagnostic species set,6. forb,wetforb,Wetland Forbs,Stellaria humifusa
FALSE,TRUE,diagnostic species set,6. forb,wetforb,Wetland Forbs,Stuckenia filiformis
FALSE,TRUE,diagnostic species set,6. forb,wetforb,Wetland Forbs,Stuckenia filiformis ssp. borealis
FALSE,TRUE,diagnostic species set,6. forb,wetforb,Wetland Forbs,Stuckenia filiformis ssp. occidentalis
FALSE,TRUE,diagnostic species set,6. forb,wetforb,Wetland Forbs,Stuckenia pectinata
FALSE,TRUE,diagnostic species set,6. forb,wetforb,Wetland Forbs,Stuckenia vaginata
FALSE,TRUE,diagnostic species set,6. forb,wetforb,Wetland Forbs,Subularia aquatica
FALSE,TRUE,diagnostic species set,6. forb,wetforb,Wetland Forbs,Subularia aquatica ssp. americana
FALSE,TRUE,diagnostic species set,6. forb,wetforb,Wetland Forbs,Subularia aquatica ssp. aquatica
FALSE,TRUE,diagnostic species set,6. forb,wetforb,Wetland Forbs,Symphyotrichum boreale
FALSE,TRUE,diagnostic species set,6. forb,wetforb,Wetland Forbs,Typha latifolia
FALSE,TRUE,diagnostic species set,6. forb,wetforb,Wetland Forbs,Utricularia intermedia
FALSE,TRUE,diagnostic species set,6. forb,wetforb,Wetland Forbs,Utricularia minor
FALSE,TRUE,diagnostic species set,6. forb,wetforb,Wetland Forbs,Utricularia ochroleuca
FALSE,TRUE,diagnostic species set,6. forb,wetforb,Wetland Forbs,Utricularia vulgaris ssp. macrorhiza
FALSE,TRUE,diagnostic species set,6. forb,wetforb,Wetland Forbs,Veronica americana
FALSE,TRUE,diagnostic species set,6. forb,wetforb,Wetland Forbs,Veronica anagallis-aquatica
FALSE,TRUE,diagnostic species set,6. forb,wetforb,Wetland Forbs,Veronica scutellata
FALSE,TRUE,diagnostic species set,6. forb,wetforb,Wetland Forbs,Veronica serpyllifolia
FALSE,TRUE,diagnostic species set,6. forb,wetforb,Wetland Forbs,Veronica serpyllifolia ssp. humifusa
FALSE,TRUE,diagnostic species set,6. forb,wetforb,Wetland Forbs,Veronica serpyllifolia ssp. serpyllifolia
FALSE,TRUE,diagnostic species set,6. forb,wetforb,Wetland Forbs,Zannichellia palustris
FALSE,TRUE,diagnostic species set,6. forb,wetforb,Wetland Forbs,Zostera marina
FALSE,FALSE,diagnostic species set,7. bryophyte,bromos,Brown Moss,Calliergon
FALSE,FALSE,diagnostic species set,7. bryophyte,bromos,Brown Moss,Calliergon cordifolium
FALSE,FALSE,diagnostic species set,7. bryophyte,bromos,Brown Moss,Calliergon giganteum
FALSE,FALSE,diagnostic species set,7. bryophyte,bromos,Brown Moss,Calliergon megalophyllum
FALSE,FALSE,diagnostic species set,7. bryophyte,bromos,Brown Moss,Calliergon richardsonii
FALSE,FALSE,diagnostic species set,7. bryophyte,bromos,Brown Moss,Calliergonella
FALSE,FALSE,diagnostic species set,7. bryophyte,bromos,Brown Moss,Calliergonella cuspidata
FALSE,FALSE,diagnostic species set,7. bryophyte,bromos,Brown Moss,Drepanocladus
FALSE,FALSE,diagnostic species set,7. bryophyte,bromos,Brown Moss,Drepanocladus aduncus
FALSE,FALSE,diagnostic species set,7. bryophyte,bromos,Brown Moss,Drepanocladus arcticus
FALSE,FALSE,diagnostic species set,7. bryophyte,bromos,Brown Moss,Drepanocladus latinervis
FALSE,FALSE,diagnostic species set,7. bryophyte,bromos,Brown Moss,Drepanocladus longifolius
FALSE,FALSE,diagnostic species set,7. bryophyte,bromos,Brown Moss,Drepanocladus polygamus
FALSE,FALSE,diagnostic species set,7. bryophyte,bromos,Brown Moss,Drepanocladus sordidus
FALSE,FALSE,diagnostic species set,7. bryophyte,bromos,Brown Moss,Hamatocaulis
FALSE,FALSE,diagnostic species set,7. bryophyte,bromos,Brown Moss,Hamatocaulis lapponicus
FALSE,FALSE,diagnostic species set,7. bryophyte,bromos,Brown Moss,Hamatocaulis vernicosus
FALSE,FALSE,diagnostic species set,7. bryophyte,bromos,Brown Moss,Loeskypnum
FALSE,FALSE,diagnostic species set,7. bryophyte,bromos,Brown Moss,Loeskypnum badium
FALSE,FALSE,diagnostic species set,7. bryophyte,bromos,Brown Moss,Loeskypnum wickesiae
FALSE,FALSE,diagnostic species set,7. bryophyte,bromos,Brown Moss,Meesia
FALSE,FALSE,diagnostic species set,7. bryophyte,bromos,Brown Moss,Meesia triquetra
FALSE,FALSE,diagnostic species set,7. bryophyte,bromos,Brown Moss,Meesia uliginosa
FALSE,FALSE,diagnostic species set,7. bryophyte,bromos,Brown Moss,Pseudocalliergon
FALSE,FALSE,diagnostic species set,7. bryophyte,bromos,Brown Moss,Pseudocalliergon angustifolium
FALSE,FALSE,diagnostic species set,7. bryophyte,bromos,Brown Moss,Pseudocalliergon brevifolium
FALSE,FALSE,diagnostic species set,7. bryophyte,bromos,Brown Moss,Pseudocalliergon trifarium
FALSE,FALSE,diagnostic species set,7. bryophyte,bromos,Brown Moss,Pseudocalliergon turgescens
FALSE,FALSE,diagnostic species set,7. bryophyte,bromos,Brown Moss,Sarmentypnum
FALSE,FALSE,diagnostic species set,7. bryophyte,bromos,Brown Moss,Sarmentypnum exannulatum
FALSE,FALSE,diagnostic species set,7. bryophyte,bromos,Brown Moss,Sarmentypnum pseudosarmentosum
FALSE,FALSE,diagnostic species set,7. bryophyte,bromos,Brown Moss,Sarmentypnum sarmentosum
FALSE,FALSE,diagnostic species set,7. bryophyte,bromos,Brown Moss,Sarmentypnum trichophyllum
FALSE,FALSE,diagnostic species set,7. bryophyte,bromos,Brown Moss,Sarmentypnum tundrae
FALSE,FALSE,diagnostic species set,7. bryophyte,bromos,Brown Moss,Scorpidium
FALSE,FALSE,diagnostic species set,7. bryophyte,bromos,Brown Moss,Warnstorfia
FALSE,FALSE,diagnostic species set,7. bryophyte,bromos,Brown Moss,Warnstorfia fluitans
FALSE,FALSE,diagnostic species set,7. bryophyte,bromos,Brown Moss,Warnstorfia pseudostraminea
FALSE,TRUE,diagnostic species set,7. bryophyte,feather,Feathermoss,Abietinella
FALSE,TRUE,diagnostic species set,7. bryophyte,feather,Feathermoss,Abietinella abietina
FALSE,TRUE,diagnostic species set,7. bryophyte,feather,Feathermoss,Antitrichia
FALSE,TRUE,diagnostic species set,7. bryophyte,feather,Feathermoss,Antitrichia californica
FALSE,TRUE,diagnostic species set,7. bryophyte,feather,Feathermoss,Antitrichia curtipendula
FALSE,TRUE,diagnostic species set,7. bryophyte,feather,Feathermoss,Brachytheciastrum
FALSE,TRUE,diagnostic species set,7. bryophyte,feather,Feathermoss,Brachytheciastrum trachypodium
FALSE,TRUE,diagnostic species set,7. bryophyte,feather,Feathermoss,Brachythecium
FALSE,TRUE,diagnostic species set,7. bryophyte,feather,Feathermoss,Brachythecium acutum
FALSE,TRUE,diagnostic species set,7. bryophyte,feather,Feathermoss,Brachythecium albicans
FALSE,TRUE,diagnostic species set,7. bryophyte,feather,Feathermoss,Brachythecium asperrimum
FALSE,TRUE,diagnostic species set,7. bryophyte,feather,Feathermoss,Brachythecium boreale
FALSE,TRUE,diagnostic species set,7. bryophyte,feather,Feathermoss,Brachythecium cirrosum
FALSE,TRUE,diagnostic species set,7. bryophyte,feather,Feathermoss,Brachythecium coruscum
FALSE,TRUE,diagnostic species set,7. bryophyte,feather,Feathermoss,Brachythecium erythrorrhizon
FALSE,TRUE,diagnostic species set,7. bryophyte,feather,Feathermoss,Brachythecium erythrorrhizon var. erythrorrhizon
FALSE,TRUE,diagnostic species set,7. bryophyte,feather,Feathermoss,Brachythecium frigidum
FALSE,TRUE,diagnostic species set,7. bryophyte,feather,Feathermoss,Brachythecium jacuticum
FALSE,TRUE,diagnostic species set,7. bryophyte,feather,Feathermoss,Brachythecium rivulare
FALSE,TRUE,diagnostic species set,7. bryophyte,feather,Feathermoss,Brachythecium rotaeanum
FALSE,TRUE,diagnostic species set,7. bryophyte,feather,Feathermoss,Brachythecium turgidum
FALSE,TRUE,diagnostic species set,7. bryophyte,feather,Feathermoss,Brachythecium udum
FALSE,TRUE,diagnostic species set,7. bryophyte,feather,Feathermoss,Bryhnia
FALSE,TRUE,diagnostic species set,7. bryophyte,feather,Feathermoss,Bryhnia hultenii
FALSE,TRUE,diagnostic species set,7. bryophyte,feather,Feathermoss,Buckiella
FALSE,TRUE,diagnostic species set,7. bryophyte,feather,Feathermoss,Buckiella undulata
FALSE,TRUE,diagnostic species set,7. bryophyte,feather,Feathermoss,Cirriphyllum
FALSE,TRUE,diagnostic species set,7. bryophyte,feather,Feathermoss,Cirriphyllum piliferum
FALSE,TRUE,diagnostic species set,7. bryophyte,feather,Feathermoss,Claopodium
FALSE,TRUE,diagnostic species set,7. bryophyte,feather,Feathermoss,Claopodium bolanderi
FALSE,TRUE,diagnostic species set,7. bryophyte,feather,Feathermoss,Claopodium crispifolium
FALSE,TRUE,diagnostic species set,7. bryophyte,feather,Feathermoss,Claopodium pellucinerve
FALSE,TRUE,diagnostic species set,7. bryophyte,feather,Feathermoss,Climacium
FALSE,TRUE,diagnostic species set,7. bryophyte,feather,Feathermoss,Climacium americanum
FALSE,TRUE,diagnostic species set,7. bryophyte,feather,Feathermoss,Climacium dendroides
FALSE,TRUE,diagnostic species set,7. bryophyte,feather,Feathermoss,Ctenidium
FALSE,TRUE,diagnostic species set,7. bryophyte,feather,Feathermoss,Ctenidium molluscum
FALSE,TRUE,diagnostic species set,7. bryophyte,feather,Feathermoss,Ctenidium schofieldii
FALSE,TRUE,diagnostic species set,7. bryophyte,feather,Feathermoss,Echinophyllum
FALSE,TRUE,diagnostic species set,7. bryophyte,feather,Feathermoss,Echinophyllum sachalinense
FALSE,TRUE,diagnostic species set,7. bryophyte,feather,Feathermoss,Elodium
FALSE,TRUE,diagnostic species set,7. bryophyte,feather,Feathermoss,Elodium blandowii
FALSE,TRUE,diagnostic species set,7. bryophyte,feather,Feathermoss,Elodium paludosum
FALSE,TRUE,diagnostic species set,7. bryophyte,feather,Feathermoss,Eurhynchiastrum
FALSE,TRUE,diagnostic species set,7. bryophyte,feather,Feathermoss,Eurhynchiastrum pulchellum
FALSE,TRUE,diagnostic species set,7. bryophyte,feather,Feathermoss,Eurhynchiastrum pulchellum var. barnesii
FALSE,TRUE,diagnostic species set,7. bryophyte,feather,Feathermoss,Eurhynchiastrum pulchellum var. pulchellum
FALSE,TRUE,diagnostic species set,7. bryophyte,feather,Feathermoss,Gollania
FALSE,TRUE,diagnostic species set,7. bryophyte,feather,Feathermoss,Gollania turgens
FALSE,TRUE,diagnostic species set,7. bryophyte,feather,Feathermoss,Herzogiella
FALSE,TRUE,diagnostic species set,7. bryophyte,feather,Feathermoss,Herzogiella adscendens
FALSE,TRUE,diagnostic species set,7. bryophyte,feather,Feathermoss,Herzogiella striatella
FALSE,TRUE,diagnostic species set,7. bryophyte,feather,Feathermoss,Homalothecium
FALSE,TRUE,diagnostic species set,7. bryophyte,feather,Feathermoss,Homalothecium aeneum
FALSE,TRUE,diagnostic species set,7. bryophyte,feather,Feathermoss,Homalothecium fulgescens
FALSE,TRUE,diagnostic species set,7. bryophyte,feather,Feathermoss,Homalothecium nuttallii
FALSE,TRUE,diagnostic species set,7. bryophyte,feather,Feathermoss,Hylocomiadelphus
FALSE,TRUE,diagnostic species set,7. bryophyte,feather,Feathermoss,Hylocomiadelphus triquetrus
FALSE,TRUE,diagnostic species set,7. bryophyte,feather,Feathermoss,Hylocomiastrum
FALSE,TRUE,diagnostic species set,7. bryophyte,feather,Feathermoss,Hylocomiastrum pyrenaicum
FALSE,TRUE,diagnostic species set,7. bryophyte,feather,Feathermoss,Hylocomiastrum umbratum
FALSE,TRUE,diagnostic species set,7. bryophyte,feather,Feathermoss,Hylocomium
FALSE,TRUE,diagnostic species set,7. bryophyte,feather,Feathermoss,Hylocomium splendens
FALSE,TRUE,diagnostic species set,7. bryophyte,feather,Feathermoss,Hypopterygium
FALSE,TRUE,diagnostic species set,7. bryophyte,feather,Feathermoss,Hypopterygium flavolimbatum
FALSE,TRUE,diagnostic species set,7. bryophyte,feather,Feathermoss,Isothecium
FALSE,TRUE,diagnostic species set,7. bryophyte,feather,Feathermoss,Isothecium cardotii
FALSE,TRUE,diagnostic species set,7. bryophyte,feather,Feathermoss,Isothecium myosuroides
FALSE,TRUE,diagnostic species set,7. bryophyte,feather,Feathermoss,Isothecium stoloniferum
FALSE,TRUE,diagnostic species set,7. bryophyte,feather,Feathermoss,Kindbergia
FALSE,TRUE,diagnostic species set,7. bryophyte,feather,Feathermoss,Kindbergia oregana
FALSE,TRUE,diagnostic species set,7. bryophyte,feather,Feathermoss,Kindbergia praelonga
FALSE,TRUE,diagnostic species set,7. bryophyte,feather,Feathermoss,Leptopterigynandrum
FALSE,TRUE,diagnostic species set,7. bryophyte,feather,Feathermoss,Leptopterigynandrum austroalpinum
FALSE,TRUE,diagnostic species set,7. bryophyte,feather,Feathermoss,Lescuraea
FALSE,TRUE,diagnostic species set,7. bryophyte,feather,Feathermoss,Lescuraea saxicola
FALSE,TRUE,diagnostic species set,7. bryophyte,feather,Feathermoss,Leskea
FALSE,TRUE,diagnostic species set,7. bryophyte,feather,Feathermoss,Leskea polycarpa
FALSE,TRUE,diagnostic species set,7. bryophyte,feather,Feathermoss,Leskeella
FALSE,TRUE,diagnostic species set,7. bryophyte,feather,Feathermoss,Leskeella nervosa
FALSE,TRUE,diagnostic species set,7. bryophyte,feather,Feathermoss,Myuroclada
FALSE,TRUE,diagnostic species set,7. bryophyte,feather,Feathermoss,Myuroclada maximowiczii
FALSE,TRUE,diagnostic species set,7. bryophyte,feather,Feathermoss,Neckera
FALSE,TRUE,diagnostic species set,7. bryophyte,feather,Feathermoss,Neckera douglasii
FALSE,TRUE,diagnostic species set,7. bryophyte,feather,Feathermoss,Neckera menziesii
FALSE,TRUE,diagnostic species set,7. bryophyte,feather,Feathermoss,Neckera pennata
FALSE,TRUE,diagnostic species set,7. bryophyte,feather,Feathermoss,Pleuroziopsis
FALSE,TRUE,diagnostic species set,7. bryophyte,feather,Feathermoss,Pleuroziopsis ruthenica
FALSE,TRUE,diagnostic species set,7. bryophyte,feather,Feathermoss,Pleurozium
FALSE,TRUE,diagnostic species set,7. bryophyte,feather,Feathermoss,Pleurozium schreberi
FALSE,TRUE,diagnostic species set,7. bryophyte,feather,Feathermoss,Pseudoleskea
FALSE,TRUE,diagnostic species set,7. bryophyte,feather,Feathermoss,Pseudoleskea atricha
FALSE,TRUE,diagnostic species set,7. bryophyte,feather,Feathermoss,Pseudoleskea baileyi
FALSE,TRUE,diagnostic species set,7. bryophyte,feather,Feathermoss,Pseudoleskea incurvata
FALSE,TRUE,diagnostic species set,7. bryophyte,feather,Feathermoss,Pseudoleskea incurvata var. incurvata
FALSE,TRUE,diagnostic species set,7. bryophyte,feather,Feathermoss,Pseudoleskea patens
FALSE,TRUE,diagnostic species set,7. bryophyte,feather,Feathermoss,Pseudoleskea radicosa
FALSE,TRUE,diagnostic species set,7. bryophyte,feather,Feathermoss,Pseudoleskea radicosa var. denudata
FALSE,TRUE,diagnostic species set,7. bryophyte,feather,Feathermoss,Pseudoleskea radicosa var. radicosa
FALSE,TRUE,diagnostic species set,7. bryophyte,feather,Feathermoss,Pseudoleskea saviana
FALSE,TRUE,diagnostic species set,7. bryophyte,feather,Feathermoss,Pseudoleskea stenophylla
FALSE,TRUE,diagnostic species set,7. bryophyte,feather,Feathermoss,Pseudoleskeella
FALSE,TRUE,diagnostic species set,7. bryophyte,feather,Feathermoss,Pseudoleskeella rupestris
FALSE,TRUE,diagnostic species set,7. bryophyte,feather,Feathermoss,Pseudoleskeella tectorum
FALSE,TRUE,diagnostic species set,7. bryophyte,feather,Feathermoss,Pseudostereodon
FALSE,TRUE,diagnostic species set,7. bryophyte,feather,Feathermoss,Pseudostereodon procerrimus
FALSE,TRUE,diagnostic species set,7. bryophyte,feather,Feathermoss,Rhytidiadelphus
FALSE,TRUE,diagnostic species set,7. bryophyte,feather,Feathermoss,Rhytidiadelphus japonicus
FALSE,TRUE,diagnostic species set,7. bryophyte,feather,Feathermoss,Rhytidiadelphus loreus
FALSE,TRUE,diagnostic species set,7. bryophyte,feather,Feathermoss,Rhytidiadelphus squarrosus
FALSE,TRUE,diagnostic species set,7. bryophyte,feather,Feathermoss,Rhytidiadelphus subpinnatus
FALSE,TRUE,diagnostic species set,7. bryophyte,feather,Feathermoss,Rhytidiopsis
FALSE,TRUE,diagnostic species set,7. bryophyte,feather,Feathermoss,Rhytidiopsis robusta
FALSE,TRUE,diagnostic species set,7. bryophyte,feather,Feathermoss,Rhytidium
FALSE,TRUE,diagnostic species set,7. bryophyte,feather,Feathermoss,Rhytidium rugosum
FALSE,TRUE,diagnostic species set,7. bryophyte,feather,Feathermoss,Roaldia
FALSE,TRUE,diagnostic species set,7. bryophyte,feather,Feathermoss,Roaldia revoluta
FALSE,TRUE,diagnostic species set,7. bryophyte,feather,Feathermoss,Roaldia revoluta var. revoluta
FALSE,TRUE,diagnostic species set,7. bryophyte,feather,Feathermoss,Sciuro-hypnum
FALSE,TRUE,diagnostic species set,7. bryophyte,feather,Feathermoss,Sciuro-hypnum hylotapetum
FALSE,TRUE,diagnostic species set,7. bryophyte,feather,Feathermoss,Sciuro-hypnum latifolium
FALSE,TRUE,diagnostic species set,7. bryophyte,feather,Feathermoss,Sciuro-hypnum oedipodium
FALSE,TRUE,diagnostic species set,7. bryophyte,feather,Feathermoss,Sciuro-hypnum ornellanum
FALSE,TRUE,diagnostic species set,7. bryophyte,feather,Feathermoss,Sciuro-hypnum plumosum
FALSE,TRUE,diagnostic species set,7. bryophyte,feather,Feathermoss,Sciuro-hypnum populeum
FALSE,TRUE,diagnostic species set,7. bryophyte,feather,Feathermoss,Sciuro-hypnum reflexum
FALSE,TRUE,diagnostic species set,7. bryophyte,feather,Feathermoss,Sciuro-hypnum uncinifolium
FALSE,TRUE,diagnostic species set,7. bryophyte,feather,Feathermoss,Scleropodium
FALSE,TRUE,diagnostic species set,7. bryophyte,feather,Feathermoss,Scleropodium obtusifolium
FALSE,TRUE,diagnostic species set,7. bryophyte,feather,Feathermoss,Thamnobryum
FALSE,TRUE,diagnostic species set,7. bryophyte,feather,Feathermoss,Thamnobryum neckeroides
FALSE,TRUE,diagnostic species set,7. bryophyte,feather,Feathermoss,Thuidium
FALSE,TRUE,diagnostic species set,7. bryophyte,feather,Feathermoss,Thuidium delicatulum
FALSE,TRUE,diagnostic species set,7. bryophyte,feather,Feathermoss,Thuidium delicatulum var. radicans
FALSE,TRUE,diagnostic species set,7. bryophyte,feather,Feathermoss,Thuidium recognitum
FALSE,TRUE,diagnostic species set,7. bryophyte,sphagn,Sphagnum Moss,Sphagnum
FALSE,TRUE,diagnostic species set,7. bryophyte,sphagn,Sphagnum Moss,Sphagnum alaskense
FALSE,TRUE,diagnostic species set,7. bryophyte,sphagn,Sphagnum Moss,Sphagnum andersonianum
FALSE,TRUE,diagnostic species set,7. bryophyte,sphagn,Sphagnum Moss,Sphagnum angustifolium
FALSE,TRUE,diagnostic species set,7. bryophyte,sphagn,Sphagnum Moss,Sphagnum annulatum
FALSE,TRUE,diagnostic species set,7. bryophyte,sphagn,Sphagnum Moss,Sphagnum aongstroemii
FALSE,TRUE,diagnostic species set,7. bryophyte,sphagn,Sphagnum Moss,Sphagnum arcticum
FALSE,TRUE,diagnostic species set,7. bryophyte,sphagn,Sphagnum Moss,Sphagnum austinii
FALSE,TRUE,diagnostic species set,7. bryophyte,sphagn,Sphagnum Moss,Sphagnum balticum
FALSE,TRUE,diagnostic species set,7. bryophyte,sphagn,Sphagnum Moss,Sphagnum bartlettianum
FALSE,TRUE,diagnostic species set,7. bryophyte,sphagn,Sphagnum Moss,Sphagnum bergianum
FALSE,TRUE,diagnostic species set,7. bryophyte,sphagn,Sphagnum Moss,Sphagnum beringiense
FALSE,TRUE,diagnostic species set,7. bryophyte,sphagn,Sphagnum Moss,Sphagnum brevifolium
FALSE,TRUE,diagnostic species set,7. bryophyte,sphagn,Sphagnum Moss,Sphagnum capillifolium
FALSE,TRUE,diagnostic species set,7. bryophyte,sphagn,Sphagnum Moss,Sphagnum compactum
FALSE,TRUE,diagnostic species set,7. bryophyte,sphagn,Sphagnum Moss,Sphagnum contortum
FALSE,TRUE,diagnostic species set,7. bryophyte,sphagn,Sphagnum Moss,Sphagnum cuspidatum
FALSE,TRUE,diagnostic species set,7. bryophyte,sphagn,Sphagnum Moss,Sphagnum fimbriatum
FALSE,TRUE,diagnostic species set,7. bryophyte,sphagn,Sphagnum Moss,Sphagnum fimbriatum ssp. concinnum
FALSE,TRUE,diagnostic species set,7. bryophyte,sphagn,Sphagnum Moss,Sphagnum fimbriatum ssp. fimbriatum
FALSE,TRUE,diagnostic species set,7. bryophyte,sphagn,Sphagnum Moss,Sphagnum fuscum
FALSE,TRUE,diagnostic species set,7. bryophyte,sphagn,Sphagnum Moss,Sphagnum girgensohnii
FALSE,TRUE,diagnostic species set,7. bryophyte,sphagn,Sphagnum Moss,Sphagnum henryense
FALSE,TRUE,diagnostic species set,7. bryophyte,sphagn,Sphagnum Moss,Sphagnum imbricatum
FALSE,TRUE,diagnostic species set,7. bryophyte,sphagn,Sphagnum Moss,Sphagnum inexspectatum
FALSE,TRUE,diagnostic species set,7. bryophyte,sphagn,Sphagnum Moss,Sphagnum inundatum
FALSE,TRUE,diagnostic species set,7. bryophyte,sphagn,Sphagnum Moss,Sphagnum jensenii
FALSE,TRUE,diagnostic species set,7. bryophyte,sphagn,Sphagnum Moss,Sphagnum kenaiense
FALSE,TRUE,diagnostic species set,7. bryophyte,sphagn,Sphagnum Moss,Sphagnum lenense
FALSE,TRUE,diagnostic species set,7. bryophyte,sphagn,Sphagnum Moss,Sphagnum lindbergii
FALSE,TRUE,diagnostic species set,7. bryophyte,sphagn,Sphagnum Moss,Sphagnum magellanicum
FALSE,TRUE,diagnostic species set,7. bryophyte,sphagn,Sphagnum Moss,Sphagnum majus
FALSE,TRUE,diagnostic species set,7. bryophyte,sphagn,Sphagnum Moss,Sphagnum majus ssp. majus
FALSE,TRUE,diagnostic species set,7. bryophyte,sphagn,Sphagnum Moss,Sphagnum majus ssp. norvegicum
FALSE,TRUE,diagnostic species set,7. bryophyte,sphagn,Sphagnum Moss,Sphagnum mendocinum
FALSE,TRUE,diagnostic species set,7. bryophyte,sphagn,Sphagnum Moss,Sphagnum mirum
FALSE,TRUE,diagnostic species set,7. bryophyte,sphagn,Sphagnum Moss,Sphagnum moss
FALSE,TRUE,diagnostic species set,7. bryophyte,sphagn,Sphagnum Moss,Sphagnum obtusum
FALSE,TRUE,diagnostic species set,7. bryophyte,sphagn,Sphagnum Moss,Sphagnum orientale
FALSE,TRUE,diagnostic species set,7. bryophyte,sphagn,Sphagnum Moss,Sphagnum pacificum
FALSE,TRUE,diagnostic species set,7. bryophyte,sphagn,Sphagnum Moss,Sphagnum papillosum
FALSE,TRUE,diagnostic species set,7. bryophyte,sphagn,Sphagnum Moss,Sphagnum perfoliatum
FALSE,TRUE,diagnostic species set,7. bryophyte,sphagn,Sphagnum Moss,Sphagnum platyphyllum
FALSE,TRUE,diagnostic species set,7. bryophyte,sphagn,Sphagnum Moss,Sphagnum pulchrum
FALSE,TRUE,diagnostic species set,7. bryophyte,sphagn,Sphagnum Moss,Sphagnum quinquefarium
FALSE,TRUE,diagnostic species set,7. bryophyte,sphagn,Sphagnum Moss,Sphagnum riparium
FALSE,TRUE,diagnostic species set,7. bryophyte,sphagn,Sphagnum Moss,Sphagnum rubellum
FALSE,TRUE,diagnostic species set,7. bryophyte,sphagn,Sphagnum Moss,Sphagnum rubiginosum
FALSE,TRUE,diagnostic species set,7. bryophyte,sphagn,Sphagnum Moss,Sphagnum russowii
FALSE,TRUE,diagnostic species set,7. bryophyte,sphagn,Sphagnum Moss,Sphagnum sitchense
FALSE,TRUE,diagnostic species set,7. bryophyte,sphagn,Sphagnum Moss,Sphagnum squarrosum
FALSE,TRUE,diagnostic species set,7. bryophyte,sphagn,Sphagnum Moss,Sphagnum steerei
FALSE,TRUE,diagnostic species set,7. bryophyte,sphagn,Sphagnum Moss,Sphagnum subfulvum
FALSE,TRUE,diagnostic species set,7. bryophyte,sphagn,Sphagnum Moss,Sphagnum subnitens
FALSE,TRUE,diagnostic species set,7. bryophyte,sphagn,Sphagnum Moss,Sphagnum subsecundum
FALSE,TRUE,diagnostic species set,7. bryophyte,sphagn,Sphagnum Moss,Sphagnum talbotianum
FALSE,TRUE,diagnostic species set,7. bryophyte,sphagn,Sphagnum Moss,Sphagnum tenellum
FALSE,TRUE,diagnostic species set,7. bryophyte,sphagn,Sphagnum Moss,Sphagnum teres
FALSE,TRUE,diagnostic species set,7. bryophyte,sphagn,Sphagnum Moss,Sphagnum tescorum
FALSE,TRUE,diagnostic species set,7. bryophyte,sphagn,Sphagnum Moss,Sphagnum tundrae
FALSE,TRUE,diagnostic species set,7. bryophyte,sphagn,Sphagnum Moss,Sphagnum warnstorfii
FALSE,TRUE,diagnostic species set,7. bryophyte,sphagn,Sphagnum Moss,Sphagnum wilfii
FALSE,TRUE,functional group,8. lichen,lichen,Lichen,lichen
TRUE,TRUE,abiotic,9. abiotic,bare,Bare Ground,n/a
TRUE,TRUE,none,9. abiotic,water,Peak Growing Season Sub-canopy Surface Water,n/a
