Filename,Type,NoData,Width,Height,EPSG,Overviews,Min,p_0_1,p_0_5,p_1,p_5,p_10,p_25,p_50,p_75,p_90,p_95,p_99,p_99_5,p_99_9,Max
aspct_16,float32,-3.0000000054977558e+38,372617,197876,3338,4,-234.2609405517578,-6.4220327949523925,5.048807454109192,11.37882947921753,37.4249382019043,60.422542572021484,118.08804702758789,204.85789489746094,270.0,305.074951171875,325.38946533203125,349.1357116699219,355.1506042480469,366.30049011230494,710.9823608398438
aspct_32,float32,-3.0000000054977558e+38,372617,197876,3338,4,-205.91436767578125,-9.867042236328125,1.2287461042404175,7.11087737083435,30.76974868774414,52.64311599731445,112.49002075195312,205.8673858642578,270.0,312.68231201171875,331.65081787109375,353.16998291015625,358.7495620727541,369.44948516845716,561.5225830078125
aspct_4,float32,-3.0000000054977558e+38,372617,197876,3338,4,-175.57603454589844,2.9025941324234017,15.298621320724488,22.763851165771484,53.14617919921875,77.99658203125,132.4717559814453,199.9950714111328,270.0,287.89630126953125,310.3822479248047,338.3133331298827,345.3725891113281,357.3257174682626,607.7776489257812
ca_10,float32,-3.0000000054977558e+38,372617,197876,3338,4,-7325019.5,-197343.4921875,-52799.386328124994,-25840.328906249997,-1052.386474609375,100.0,643.4970397949219,2391.577880859375,8021.89111328125,31633.73046875,82641.43359375,483122.9374999907,891752.9343750011,3063984.890000075,73985312.0
ca_10000,float32,-3.0000000054977558e+38,372617,197876,3338,4,-7325019.5,-197343.4921875,-52799.386328124994,-25840.328906249997,-1052.386474609375,100.0,643.4970397949219,2391.577880859375,8021.89111328125,31633.73046875,82641.43359375,483122.9374999907,891752.9343750011,3063984.890000075,73985312.0
ci_16,float32,-3.0000000054977558e+38,372617,197876,3338,4,-150.5012969970703,-84.43306866455077,-71.06379619598388,-58.09476554870605,-30.727729511260986,-22.54342403411865,-10.087873458862305,-0.2427256628870964,8.604216575622559,20.019812965393072,27.644927406311012,40.77034355163573,45.107345466613765,53.26011191940327,177.5784912109375
ci_32,float32,-3.0000000054977558e+38,372617,197876,3338,4,-143.98797607421875,-82.97856170654298,-69.59650825500488,-56.0128556060791,-36.51293601989746,-27.81210784912109,-13.21664810180664,-0.7095797061920166,10.99201488494873,26.02603988647462,35.259415054321266,49.947513732910124,54.679228019714316,63.68764397430476,203.01007080078125
ci_4,float32,-3.0000000054977558e+38,372617,197876,3338,4,-193.71160888671875,-85.42952278137207,-62.45180187225342,-46.04082889556885,-11.14221978187561,-7.890552282333374,-3.358527719974518,-0.051016271114349365,2.8125837445259094,6.57108998298645,9.156997919082642,13.78870592117309,15.373171448707573,18.539392366409373,195.88796997070312
crosc_16,float32,-3.0000000054977558e+38,372617,197876,3338,4,-0.01609758660197258,-0.003552459143102169,-0.002575426734983921,-0.0020882820710539816,-0.0008757458417676389,-0.0004147510335315019,-5.892022636544425e-05,0.0,0.00010833941996679641,0.0005715701263397932,0.0011688885278999805,0.002796513494104147,0.0034153807093389513,0.004658739739097688,0.02304955944418907
crosc_32,float32,-3.0000000054977558e+38,372617,197876,3338,4,-0.007384052500128746,-0.0021719103702344,-0.0015948134881909935,-0.0013015692122280596,-0.000551559787709266,-0.00026431167498230934,-3.603939512686338e-05,0.0,7.375049608526751e-05,0.00039730503340251744,0.0007750343647785485,0.001729792705737053,0.00207951391348616,0.002790682723280053,0.007733147591352463
crosc_4,float32,-3.0000000054977558e+38,372617,197876,3338,4,-0.048161547631025314,-0.004888443644158542,-0.003437336324714124,-0.002738002990372479,-0.0010895806481130421,-0.000502240436617285,-7.427649325109087e-05,0.0,0.00015012202493380755,0.000721545482520014,0.0014791272697038949,0.003682305826805527,0.004605999682098683,0.006570241749286776,0.05689248442649841
dah,float32,-3.0000000054977558e+38,372617,197876,3338,4,-1.0348619222640991,-0.6183036601543427,-0.5184000700712204,-0.46247060000896456,-0.2557753920555115,-0.14024363458156586,-0.025484626181423664,0.0,0.027400922030210495,0.14592629671096802,0.26138992607593536,0.4658569782972335,0.5192295074462905,0.6100408500432986,1.1511002779006958
devmeanelev_16,float32,-3.0000000054977558e+38,372617,197876,3338,4,-4.72357177734375,-0.8358804649114608,-0.7548993229866028,-0.7101162850856781,-0.532144159078598,-0.4134746789932251,-0.1887771114706993,1.840028929223081e-08,0.14545980840921402,0.3780398368835449,0.5254513025283813,0.7733125269412993,0.8500162154436115,0.985123373866089,3.1642754077911377
devmeanelev_32,float32,-3.0000000054977558e+38,372617,197876,3338,4,-4.001271724700928,-1.283290615081787,-1.1139754831790925,-1.0325701236724854,-0.760080873966217,-0.5950369238853455,-0.29827912151813507,0.0,0.21743840724229813,0.5625281929969788,0.7758060097694397,1.1588431477546681,1.291526496410377,1.5604339742660542,3.253037929534912
devmeanelev_4,float32,-3.0000000054977558e+38,372617,197876,3338,4,-2.6724979877471924,-0.3293800362944603,-0.2817553773522377,-0.25622478425502776,-0.17454688996076584,-0.12679412961006165,-0.053870074450969696,3.725290298461914e-08,0.043047310784459114,0.1158364936709404,0.16949380934238434,0.2705840736627576,0.3029427215456968,0.3618246641755145,2.9573206901550293
dfa,float64,-3.4e+38,258604,196632,3338,4,-715586.0,-20249.82131640625,-5379.1058984374995,-2654.137387695312,-139.3237365722656,10.0,58.33163356781006,215.49693298339844,723.9684295654297,2941.428857421877,7840.657128906198,47074.00390625,87549.97328125034,305723.9966562502,7746030.0
diffmeanelev_16,float32,-3.0000000054977558e+38,372617,197876,3338,4,-179.92018127441406,-29.057951316833496,-21.867945861816406,-18.466078758239746,-9.410618305206299,-5.264330863952637,-1.055716872215271,9.486769009248164e-19,0.7213351726531982,4.427167892456055,9.489334106445312,23.645822334289534,29.314855766296546,41.753080635070944,261.4950866699219
diffmeanelev_32,float32,-3.0000000054977558e+38,372617,197876,3338,4,-343.59228515625,-73.24986351013183,-56.30877552032471,-48.08839912414551,-25.40651798248291,-14.635915756225586,-3.1298831701278687,-3.584643432780199e-18,1.839894950389862,12.641121864318848,26.69869899749756,63.213818740844715,77.03965988159189,106.7007215881356,448.5111389160156
diffmeanelev_4,float32,-3.0000000054977558e+38,372617,197876,3338,4,-40.333805084228516,-2.76285329580307,-2.038217604160309,-1.705705142021179,-0.8455669283866882,-0.4650346338748932,-0.0909307710826397,3.3881317890172014e-20,0.06750383228063583,0.39003923535346985,0.8365789949893951,2.1367265224456773,2.6781967997551064,3.8865800499916325,29.95984649658203
diffopen_2,float32,-99999.0,372617,197876,3338,10,-0.027927491813898087,-0.002668074341490865,-0.00017752121748344508,-0.00012345189534244128,-5.659828275383916e-05,-3.4999626222997904e-05,-1.3353737585930503e-05,-7.452720183209749e-07,1.0889800023505813e-05,4.1672674342407845e-05,7.180034845077898e-05,0.000529702714993619,0.001388350623892633,0.004650835318025399,0.03851192072033882
diffopen_256,float32,-99999.0,372617,197876,3338,10,-0.07234033197164536,-0.002843388832407072,-0.0018071580387186259,-0.0014728857553564013,-0.0006705799605697393,-0.00038606450834777206,-4.536527649179334e-05,0.0003455320402281359,0.0011653056426439434,0.0027470632921904325,0.0038066634442657232,0.007153197494335526,0.012468810519203745,0.03236818807199654,0.14632536470890045
diffopen_32,float32,-99999.0,372617,197876,3338,10,-0.03187985345721245,-0.0029809993309900164,-0.0007829926826525479,-0.0006599971011746674,-0.0003815102420048788,-0.00026850867434404787,-0.00012917421554448083,-3.8408503314713016e-05,1.0749552075139945e-05,0.000305475969798863,0.0006523193616885694,0.0013605875335633757,0.002198455997276976,0.007204804671928323,0.04833051562309265
dis,float32,-3.3999999521443642e+38,258604,196632,3338,4,-18.44944953918457,-0.0829920611679554,-0.0005393653281498697,-3.25790146860072e-08,0.0,0.0,0.005212500225752592,0.20003481209278107,0.6298059225082397,3.0316159248352057,6.874084186553954,33.282554626464844,113.14227294921875,113.16164660644537,290.38232421875
fel,float64,-3.4e+38,258604,196632,3338,4,-18.457534790039062,-1.6767272112369538,-0.047236138321459294,4.999999873689376e-05,4.999999873689376e-05,0.029699566960334784,68.7933521270752,298.34747314453125,706.001708984375,1194.0877685546875,1517.303137207029,2181.835251464847,2506.7387036132786,3270.099352539153,6136.6435546875
gmrph_ms_30,uint8,0.0,124205,65959,3338,3,1.0,1.0,1.0,1.0,1.0,1.0,4.0,6.0,6.0,8.0,8.0,9.0,10.0,10.0,11.0
gmrph_ms_300,uint8,0.0,124205,65959,3338,3,1.0,1.0,1.0,1.0,1.0,1.0,4.0,6.0,6.0,8.0,8.0,10.0,10.0,10.0,10.0
gmrph_r_30,uint8,0.0,124205,65959,3338,3,1.0,1.0,1.0,1.0,1.0,1.0,4.0,6.0,6.0,6.0,6.0,6.0,6.0,6.0,11.0
gmrph_r_300,uint8,0.0,124205,65959,3338,3,1.0,1.0,1.0,1.0,1.0,1.0,4.0,6.0,6.0,7.0,7.0,8.0,8.0,8.0,14.0
gmrph_r_3000,uint8,0.0,124205,65959,3338,3,1.0,1.0,1.0,1.0,1.0,1.0,4.0,6.0,7.0,8.0,9.0,9.0,9.0,10.0,14.0
hs_st,float32,-3.0000000054977558e+38,372617,197876,3338,4,-11.599519729614258,11.981731414794922,17.488012886047365,21.025142097473143,32.85330009460449,38.479305267333984,43.84336471557617,45.0,47.17325210571289,55.55241394042969,63.24960708618164,76.81170043945303,80.53392753601088,87.87878768920905,122.16839599609375
longc_16,float32,-3.0000000054977558e+38,372617,197876,3338,4,-0.020928995683789253,-0.004043969949707389,-0.002891741448547691,-0.0023942960426211355,-0.0012073959223926067,-0.0007034356822259724,-0.00016293775115627795,-3.602098388455488e-07,5.733267607865855e-05,0.000418188632465899,0.0009167807875201106,0.002556649735197425,0.0033595996559597566,0.005126749379560355,0.020508719608187675
longc_32,float32,-3.0000000054977558e+38,372617,197876,3338,4,-0.007857751101255417,-0.002394085857085884,-0.0017764090385753658,-0.0014967247028835119,-0.0007817668956704438,-0.00046335512888617814,-0.0001161266554845497,-2.2781366624258226e-06,2.8148719138698652e-05,0.0002760555944405496,0.0006160060875117779,0.0016025014338083548,0.0020192095427773935,0.002904496919363772,0.00924750231206417
longc_4,float32,-3.0000000054977558e+38,372617,197876,3338,4,-0.07232879102230072,-0.00612902196124196,-0.004288271977566182,-0.003512011095881462,-0.001723375404253602,-0.0009991362458094954,-0.00022786376939620823,0.0,0.00010072131772176363,0.0005938670365139842,0.0012739364756271243,0.003639663290232416,0.004856141516938833,0.007545520681887935,0.055237818509340286
maxc_16,float32,-3.0000000054977558e+38,372617,197876,3338,4,-0.007051276974380016,-0.0013261584646534175,-0.0007295956689631566,-0.0005031512642744929,-9.354740905109793e-05,-1.6411255273851566e-05,4.119620616860331e-10,6.988216773606837e-05,0.0003681943489937112,0.0011830381117761135,0.002065078355371952,0.0044548927340656505,0.0053629466798156555,0.00729237045161428,0.03173157572746277
maxc_32,float32,-3.0000000054977558e+38,372617,197876,3338,4,-0.004059001803398132,-0.0008509646885795518,-0.000492915857466869,-0.0003513882140396163,-8.229545710491948e-05,-2.042169035121333e-05,0.0,3.147516690660268e-05,0.0002159752548323013,0.0007367957150563598,0.0012762764235958457,0.002558755688369274,0.003009403881151236,0.003996738172136284,0.010271459817886353
maxc_4,float32,-3.0000000054977558e+38,372617,197876,3338,4,-0.04175370931625366,-0.00098114421707578,-0.00033499037526780735,-0.00014905834686942398,0.0,0.0,9.546494402457029e-05,0.00033431965857744217,0.0010553737520240247,0.002665082924067974,0.004148815758526325,0.008129067532718165,0.009866053378209533,0.013726269099861438,0.12200409919023514
mbi_0.001,float32,-3.0000000054977558e+38,372617,197876,3338,4,-1.610220193862915,-0.559740599989891,-0.44340125620365145,-0.3846167206764221,-0.22181305289268494,-0.14169016480445862,-0.04068008437752724,0.0,0.06609325855970383,0.18346957862377167,0.27460893988609314,0.46008041203021977,0.5267832636833205,0.6559553295373979,1.978786587715149
mbi_0.01,float32,-3.0000000054977558e+38,372617,197876,3338,4,-1.293458104133606,-0.2632562413811684,-0.20769627392292023,-0.17959677577018737,-0.09909873083233833,-0.05918557196855545,-0.01364595117047429,0.0,0.01861700601875782,0.07008500397205353,0.11774412542581558,0.21708522737026215,0.2514760777354246,0.3185684642195725,1.3889285326004028
mbi_0.1,float32,-3.0000000054977558e+38,372617,197876,3338,4,-0.45552581548690796,-0.059798028841614725,-0.04564852509647608,-0.038784994184970854,-0.019778811372816563,-0.010966222733259201,-0.0021508614299818873,0.0,0.002326926332898438,0.011920987628400326,0.023595391772687435,0.052753333374857825,0.06368878707289705,0.08798959672451057,0.6176702976226807
mca_10,float32,-3.0000000054977558e+38,372617,197876,3338,4,-33362288.0,-815986.585625,-186249.81640625,-81613.79296874999,-2980.1966552734375,680.7015380859375,3078.1632080078125,19008.9296875,179770.25,1689519.125,11168281.0,34912556.0,44628120.0,123616064.0,815598784.0
mca_10000,float32,-3.0000000054977558e+38,372617,197876,3338,4,-23889478.0,-588761.8674999999,-120463.98203124998,-52510.18359375,-2630.4486083984375,529.3253173828125,2115.901611328125,7798.83447265625,51385.126953125,1001414.0,6107540.0,30033616.0,41989432.0,80374645.600003,454342720.0
minc_16,float32,-3.0000000054977558e+38,372617,197876,3338,4,-0.025159647688269615,-0.005196242430247367,-0.004007239663042128,-0.0034541723551228644,-0.002005773945711553,-0.0013195100473240018,-0.00046983061474747956,-8.487405284540728e-05,-8.683331031988928e-08,2.2789374270359986e-05,0.00013282502186484635,0.0007016629562713178,0.0010065052949357785,0.001770662727067265,0.013648129999637604
minc_32,float32,-3.0000000054977558e+38,372617,197876,3338,4,-0.009511345066130161,-0.0030307094776071608,-0.0023705030209384857,-0.002052995818667114,-0.0012021431466564536,-0.0007952176383696496,-0.0002858499501598999,-4.6541725168935955e-05,0.0,2.2302700017462485e-05,0.00012118357335566543,0.000560312572633846,0.0007790686882799599,0.0012910082750022742,0.00549362925812602
minc_4,float32,-3.0000000054977558e+38,372617,197876,3338,4,-0.07873662561178207,-0.010398320527747274,-0.00776241016574204,-0.006680667214095592,-0.004068652633577585,-0.0028475625440478325,-0.0012084446498192847,-0.0003446463670115918,-7.922032818896696e-05,0.0,4.270106273907004e-06,0.0002736418071435762,0.0004724891652586032,0.0010159830958582743,0.021516889333724976
minelev_16,float32,-3.0000000054977558e+38,372617,197876,3338,4,-34.39183044433594,-1.6734961199760436,-0.03466654065996397,4.999999873689376e-05,4.999999873689376e-05,0.0001849999971454963,44.56996536254883,252.05001831054688,639.6292114257812,1098.9376220703125,1411.2051391601562,2066.1112304687485,2386.8631103515654,3102.2660351562663,5982.4580078125
minelev_32,float32,-3.0000000054977558e+38,372617,197876,3338,4,-18.759838104248047,-1.6662258005142208,-0.021391070913523408,4.999999873689376e-05,4.999999873689376e-05,0.0001849999971454963,39.50136184692383,234.3001708984375,607.5517272949219,1047.2584228515625,1347.1393432617188,2001.476257324217,2320.7477783203212,2992.278764648472,5895.7509765625
minelev_4,float32,-3.0000000054977558e+38,372617,197876,3338,4,-18.35701560974121,-1.699813961982727,-0.05118625052273271,4.9999965995084494e-05,4.999999873689376e-05,0.0001849999971454963,50.00350570678711,269.93328857421875,668.9360046386719,1149.365966796875,1472.7638549804688,2131.9156005859368,2455.681628417973,3204.4034985351573,6095.37646484375
morpfeat_16,uint8,0.0,124205,65959,3338,3,1.0,1.0,1.0,1.0,1.0,1.0,1.0,3.0,4.0,4.0,5.0,5.0,5.0,5.0,8.0
morpfeat_32,uint8,0.0,124205,65959,3338,3,1.0,1.0,1.0,1.0,1.0,1.0,1.0,2.0,3.0,5.0,5.0,5.0,5.0,5.0,7.0
morpfeat_4,uint8,0.0,124205,65959,3338,3,1.0,1.0,1.0,1.0,1.0,1.0,3.0,4.0,4.0,4.0,4.0,5.0,5.0,5.0,7.0
msp,float32,-3.0000000054977558e+38,372617,197876,3338,4,-0.38594919443130493,0.01860650176368654,0.04685409294441342,0.06640055917203426,0.14373667538166046,0.20570179224014284,0.3517833277583122,0.5595532059669495,0.8170112371444702,0.960898220539093,0.9714152216911316,0.9875386357307434,0.9916981402039529,1.004721448540689,1.7410578727722168
nh,float32,-3.0000000054977558e+38,372617,197876,3338,4,-0.2565549314022064,-0.008852455767802895,0.002697296238038689,0.005884968205355109,0.014292381703853607,0.019539089873433113,0.10472271777689457,0.3293644189834595,0.5734955221414566,0.7774943709373474,0.8612179756164551,0.948611319065094,0.9657540321350098,0.987008117496968,1.4258747100830078
no_2,float32,-3.0000000054977558e+38,372617,197876,3338,4,1.2204797267913818,1.5374693870544434,1.5460749167203902,1.5505634546279907,1.562307596206665,1.5666441917419434,1.570030689239502,1.5707963705062866,1.5717970132827759,1.5755975246429443,1.5792564153671265,1.587027668952942,1.5898357629776,1.595302214264871,1.8205007314682007
no_256,float32,-3.0000000054977558e+38,372617,197876,3338,4,0.40577226877212524,1.0864096907377243,1.1904901099205016,1.2418788588047027,1.3768092393875122,1.4346987009048462,1.5062634944915771,1.5481029748916626,1.562650442123413,1.5707963705062866,1.5707963705062866,1.5709457397460938,1.5718133449554443,1.575972784399987,1.677874207496643
no_32,float32,-3.0000000054977558e+38,372617,197876,3338,4,0.9086959958076477,1.3973169548511506,1.4298272132873535,1.4459666013717651,1.4861676275730134,1.5051536560058594,1.5360198020935059,1.5578584671020508,1.5658091306686401,1.5707963705062866,1.5707963705062866,1.5709105730056763,1.571419358253479,1.5738306045532227,1.7178808450698853
perctelev_16,float32,-3.0000000054977558e+38,372617,197876,3338,4,-54.386173248291016,-3.1781149888038636,-1.4372093498706815,-0.12259241715073564,0.0,0.0,39.268890380859375,48.8855094909668,54.35643768310547,61.425575256347656,66.00155639648438,73.91983032226562,76.48480720520024,80.7353218841555,121.46695709228516
perctelev_32,float32,-3.0000000054977558e+38,372617,197876,3338,4,-21.406530380249023,-3.1558177042007447,-1.4072214424610137,-0.09934041127562517,0.0,0.0,33.876665115356445,48.402099609375,57.024375915527344,67.88017272949219,74.81893920898438,86.3720474243164,89.76377868652344,94.70267776489277,122.1441879272461
perctelev_4,float32,-3.0000000054977558e+38,372617,197876,3338,4,-24.79680824279785,-2.753135278224945,-1.2937557816505432,-0.11002482771873465,0.0,0.0,46.14787292480469,48.99972152709961,50.592838287353516,52.593536376953125,53.94377136230469,56.34183883666992,57.14807891845703,58.622016601562564,123.9795150756836
pisrdif_2023-01-22,float32,-3.0000000054977558e+38,372617,197876,3338,4,-2.431146867820644e-06,0.0,0.0,0.0,0.013058593962341547,0.03390659764409065,0.09013017266988754,0.16348712146282196,0.21583561599254608,0.2543565034866333,0.28670430183410645,0.3788084089756012,0.39984143525362104,0.43621790409088135,0.4621855616569519
pisrdif_2023-02-22,float32,-3.0000000054977558e+38,372617,197876,3338,4,0.16347837448120117,0.1977931232750416,0.20997454226016998,0.21791315227746963,0.24348106980323792,0.2620440423488617,0.3365672826766968,0.441297709941864,0.5434773564338684,0.6238637566566467,0.6770600974559784,0.75894695520401,0.7714172601699829,0.78080581009388,0.7957993149757385
pisrdif_2023-03-22,float32,-3.0000000054977558e+38,372617,197876,3338,4,0.394297331571579,0.5844096106290817,0.63479785323143,0.6548720002174377,0.719265878200531,0.7515483498573303,0.7785552144050598,0.8303669095039368,0.8897368907928467,0.9337806701660156,0.959820568561554,0.9955458045005798,1.002489447593689,1.0057265758514404,1.0199178457260132
pisrdif_2023-04-22,float32,-3.0000000054977558e+38,372617,197876,3338,4,0.41323861479759216,0.6432337212562561,0.7267099231481552,0.7655175209045411,0.8496216535568237,0.8945590853691101,0.9635859131813049,1.0158611536026,1.0553520917892456,1.0769226551055908,1.0876883268356323,1.1053142905235287,1.1092643737792969,1.1114288568496704,1.12546706199646
pisrdif_2023-05-22,float32,-3.0000000054977558e+38,372617,197876,3338,4,0.5299701690673828,0.8196533966064453,0.9086006492376327,0.9489650726318359,1.0596264600753784,1.1242672204971313,1.2190133333206177,1.3120821714401245,1.3883030414581299,1.4360138177871704,1.4746899008750916,1.5244531631469727,1.5400994598865516,1.5626442110538488,1.583304524421692
pisrdif_2023-06-22,float32,-3.0000000054977558e+38,372617,197876,3338,4,0.5877161622047424,0.9070288133621216,1.0113500356674194,1.058769989013672,1.179376482963562,1.2479045391082764,1.3554306030273438,1.4459131956100464,1.5156491994857788,1.611575961112976,1.7212244272232056,1.7906970977783203,1.8047500431537635,1.8246636068820958,1.8425095081329346
pisrdif_2023-12-22,float32,-3.0000000054977558e+38,372617,197876,3338,4,-4.062610514665721e-06,0.0,0.0,0.0,0.0,0.0,0.0,0.0854441374540329,0.15487178415060043,0.20606783032417297,0.23512835800647736,0.27753322124481183,0.285151679813862,0.2909673646092421,0.3139778673648834
pisrdir_2023-01-22,float32,-3.0000000054977558e+38,372617,197876,3338,4,-0.4848293364048004,-0.02984828596934676,-0.014275772031396626,-0.007778397342190145,-0.0001168637209048029,-6.022324999799267e-12,5.1723840488460127e-11,0.014923660084605217,0.12113690376281738,0.28834038972854614,0.41005682945251465,0.6904574573040003,0.8305035620927814,1.1021523606777226,1.9264477491378784
pisrdir_2023-02-22,float32,-3.0000000054977558e+38,372617,197876,3338,4,-0.6228474378585815,-0.06331333741545678,-0.03195232283324003,-0.01966726705431938,1.5798527783772442e-05,0.08689404278993607,0.21102215349674225,0.4288771450519562,0.6941134929656982,1.0137485265731812,1.267196536064148,1.7904385328292847,2.000987517833714,2.3990586972236763,3.765528440475464
pisrdir_2023-03-22,float32,-3.0000000054977558e+38,372617,197876,3338,4,-0.9332135319709778,-0.08805945239961147,-0.013890008442103849,0.03373934477567675,0.7136242985725403,0.9330632090568542,1.2596724033355713,1.6984431743621826,2.1402714252471924,2.6197664737701416,2.9741950035095215,3.750586819648742,4.0087960481643705,4.455807995796214,6.411162853240967
pisrdir_2023-04-22,float32,-3.0000000054977558e+38,372617,197876,3338,4,-0.9816392660140991,0.31888947665691375,0.9203843206167222,1.311998450756073,2.5060880184173584,2.873459577560425,3.2816002368927,3.760117292404175,4.206185817718506,4.647507190704346,4.943958759307861,5.650442409515378,5.859863758087158,6.224285435676585,7.977585315704346
pisrdir_2023-05-22,float32,-3.0000000054977558e+38,372617,197876,3338,4,-1.1196650266647339,1.6125864100456238,2.452158713340759,2.8546098947525023,4.059278964996338,4.586304187774658,4.911876201629639,5.268496036529541,5.617175579071045,5.968770980834961,6.194782733917236,6.699321889877318,6.858078312873843,7.155349602699282,8.722999572753906
pisrdir_2023-06-22,float32,-3.0000000054977558e+38,372617,197876,3338,4,-0.8055418729782104,2.4316158533096313,3.2861286997795105,3.6764496564865112,4.808002233505249,5.35019588470459,5.662999153137207,5.924023151397705,6.176267623901367,6.461738586425781,6.652326583862305,7.052474641799925,7.190786504745489,7.457885704040535,8.926883697509766
pisrdir_2023-12-22,float32,-3.0000000054977558e+38,372617,197876,3338,4,-0.23310837149620056,-0.016291832905262708,-0.006383715383708476,-0.0030484879156574603,-3.6723707808050676e-06,0.0,0.0,2.411448818406825e-08,0.020337906666100025,0.10787838697433472,0.19516481459140778,0.3745977282524109,0.4716080799698945,0.6992277884483507,1.443045735359192
planc_16,float32,-3.0000000054977558e+38,372617,197876,3338,4,-3.6625003814697266,-0.023095067795366048,-0.017972125951200724,-0.015524776931852103,-0.00916451821103692,-0.006134561263024807,-0.002231347607448697,0.0,0.0020512043265625834,0.006295230705291033,0.009360781405121088,0.014262323547154662,0.016426278091967172,0.022207954246550837,3.9555766582489014
planc_32,float32,-3.0000000054977558e+38,372617,197876,3338,4,-0.7136031985282898,-0.022181868255138397,-0.01614229939877987,-0.013279093150049447,-0.006878596730530262,-0.004285060800611973,-0.0015368310268968344,0.0,0.0013216490624472499,0.004350002855062485,0.007100054761394858,0.01242130706086754,0.014381818426772969,0.020291210636496637,7.289041519165039
planc_4,float32,-3.0000000054977558e+38,372617,197876,3338,4,-214864966451200.0,-0.021473197937011718,-0.016332388482987882,-0.014446188695728779,-0.009406335651874542,-0.006690006237477064,-0.002633464289829135,0.0,0.002431892673484981,0.00669809291139245,0.009395157918334007,0.013545893691480154,0.015322195831686314,0.02377467235550293,22489671401472.0
po_2,float32,-3.0000000054977558e+38,372617,197876,3338,4,1.321091890335083,1.5462905168533325,1.5517568588256836,1.5545650720596313,1.5623362064361572,1.5659950971603394,1.569795697927475,1.5707963705062866,1.5715619325637817,1.5749484300613403,1.5792851448059082,1.591029167175293,1.5955177545547485,1.6041233440637601,1.9211128950119019
po_256,float32,-3.0000000054977558e+38,372617,197876,3338,4,0.6619410514831543,1.2185523509979248,1.2805359917879104,1.3100273525714874,1.3908095359802246,1.4337588548660278,1.4999384880065918,1.5471216440200806,1.5627471208572388,1.5707963705062866,1.5707963705062866,1.5707967281341553,1.5709136724472046,1.5719400533437735,1.7727638483047485
po_32,float32,-3.0000000054977558e+38,372617,197876,3338,4,1.122063398361206,1.4278815236091613,1.4501283168792725,1.4603655338287354,1.4885473251342773,1.5045595169067383,1.5342493057250977,1.5574947595596313,1.5658538341522217,1.5707963705062866,1.5707963705062866,1.5708518028259277,1.5712761878967285,1.573438048362732,1.7636033296585083
profc_16,float32,-3.0000000054977558e+38,372617,197876,3338,4,-0.008488829247653484,-0.003035817025229335,-0.0022853785078041254,-0.0019306776346638798,-0.001015022280625999,-0.0006087824003770947,-0.00015425132733071223,-3.7467884794750717e-07,5.5647089538979344e-05,0.0003714149061124772,0.000769150850828737,0.0020544695667922483,0.0027003658586181936,0.00405215898994362,0.01117750070989132
profc_32,float32,-3.0000000054977558e+38,372617,197876,3338,4,-0.005181148648262024,-0.0019147022429388016,-0.0014715637720655649,-0.001259058085270226,-0.0006816727400291711,-0.0004148283042013645,-0.0001112188256229274,-2.272573055961402e-06,2.758143727987772e-05,0.0002499401743989438,0.0005347586411517113,0.0013652887195348719,0.001728115667356183,0.002477059343364108,0.006910550408065319
profc_4,float32,-3.0000000054977558e+38,372617,197876,3338,4,-0.01636206917464733,-0.004309731237590313,-0.0031985564390197394,-0.0026844489155337216,-0.001390795165207237,-0.0008342847577296197,-0.000213052800972946,0.0,9.687615965958685e-05,0.0005177150014787912,0.0010357890860177577,0.002705914014950385,0.0035286748316138983,0.005185763780027636,0.025054115802049637
relelev_16,float32,-3.0000000054977558e+38,372617,197876,3338,4,-44.78441619873047,-1.372321969270706,-0.1944541305303573,-0.03394810333847999,-1.2631062645471203e-12,3.282912136581828e-13,1.9504875540733337,11.151479721069336,40.313777923583984,89.8318099975586,121.17862319946289,175.37510833740157,199.04780502319363,254.9053291320804,801.6123657226562
relelev_32,float32,-3.0000000054977558e+38,372617,197876,3338,4,-42.86409378051758,-1.3136460638046263,-0.16359886974096294,-0.019455441832542417,-1.2631062645471203e-12,3.282912136581828e-13,3.0687519311904907,18.851476669311523,69.12957000732422,154.08233642578125,213.02047729492188,313.2358367919919,352.9408767700197,447.2187072753932,1077.4810791015625
relelev_4,float32,-3.0000000054977558e+38,372617,197876,3338,4,-13.790725708007812,-0.696832782626152,-0.097891791164875,-0.015466331597417591,-1.2631062645471203e-12,3.282912136581828e-13,0.7290908098220825,3.371342658996582,11.665132999420166,25.38174057006836,33.43988227844238,48.11021194457999,54.72449798584012,70.08889564514163,426.9979553222656
relmeanelev_16,float32,-3.0000000054977558e+38,372617,197876,3338,4,-179.92015075683594,-29.057949924468993,-21.867944622039794,-18.466078758239746,-9.410618305206299,-5.264331340789795,-1.0557166934013367,-1.2631062645471203e-12,0.721335381269455,4.427169322967529,9.489333629608154,23.645822334289534,29.31485767364518,41.753080635070944,261.4950866699219
relmeanelev_32,float32,-3.0000000054977558e+38,372617,197876,3338,4,-343.59228515625,-73.24986351013183,-56.30878047943115,-48.088401794433594,-25.406517028808594,-14.635916709899902,-3.1298826932907104,-1.2631062645471203e-12,1.8398950099945068,12.641121864318848,26.698697090148926,63.21381988525388,77.03965721130385,106.7007215881356,448.5111389160156
relmeanelev_4,float32,-3.0000000054977558e+38,372617,197876,3338,4,-40.333778381347656,-2.762852966785431,-2.038217163085937,-1.7057061791419983,-0.8455667197704315,-0.46503376960754395,-0.0909307710826397,-1.2631062645471203e-12,0.06750385090708733,0.3900391161441803,0.8365787863731384,2.1367245197296114,2.6781961083412185,3.8865793418884635,29.9598445892334
sl_16,float32,-3.0000000054977558e+38,372617,197876,3338,4,-1.8148633241653442,-0.17551247790455818,-0.014872626168653367,-8.584699753555419e-05,0.0,0.0,0.435968354344368,3.1467161178588867,11.208852767944336,22.74770164489746,29.12651252746582,38.60628852844235,42.05507450103789,48.997184982300155,75.37577819824219
sl_32,float32,-3.0000000054977558e+38,372617,197876,3338,4,-0.7796651721000671,-0.034503260031342506,-0.0014672997640445818,-4.222656668773076e-09,0.0,2.27912458870827e-12,0.3616200387477875,2.7467544078826904,9.56107473373413,19.43644905090332,25.452034950256348,34.72141647338867,37.834563827514785,44.21438011169437,67.06964111328125
sl_4,float32,-3.0000000054977558e+38,372617,197876,3338,4,-6.687595844268799,-0.6345947873592377,-0.08681589402258395,-0.009396994300186631,0.0,0.0,0.6965925395488739,3.716520071029663,12.835500717163086,26.005868911743164,32.340768814086914,41.68747940063474,45.21718463897707,52.060655136108494,84.1598892211914
slh,float32,-3.0000000054977558e+38,372617,197876,3338,4,-89.96953582763672,0.03402233687415738,0.64224180996418,0.7802782368659973,1.2077976286411287,1.5658531069755555,3.274784207344055,11.176234245300293,40.429802894592285,106.81101303100587,166.1045379638672,323.05687316894546,398.4366920471193,588.559849426294,3018.05224609375
spi,float32,-3.0000000054977558e+38,372617,197876,3338,4,-300787.90625,-6144.192734374999,-1796.9280639648437,-836.8765502929687,-1.5361518263816833,0.0,17.59706687927246,221.17161560058594,1146.2399291992188,3688.526123046875,7388.231689453125,27319.34472656247,43077.87207031262,106133.5000781262,3029822.25
stddevelev_16,float32,-3.0000000054977558e+38,372617,197876,3338,4,-4.186370849609375,-0.29814546823501586,-0.022775954753160462,-8.039710883167569e-06,9.517157027738588e-12,9.517157027738588e-12,1.058745265007019,5.981067180633545,20.92539882659912,43.27219009399414,55.916748046875,78.92859649658203,89.02632141113281,112.81570755005055,357.6925048828125
stddevelev_32,float32,-3.0000000054977558e+38,372617,197876,3338,4,-3.298245668411255,-0.15185863718390463,-0.0056994878454133865,-6.81239886550487e-12,0.0,4.548736797005404e-06,1.806937336921692,11.11990737915039,38.04725646972656,74.94287109375,96.44474029541016,135.78262329101562,151.68209609985433,189.132296600342,451.5377502441406
stddevelev_4,float32,-3.0000000054977558e+38,372617,197876,3338,4,-5.08076286315918,-0.3157742583751678,-0.04071622155606747,-0.0038261458044871687,9.094947017729282e-13,9.094947017729282e-13,0.38987234234809875,1.772182583808899,6.096490144729614,13.027629852294922,16.87657070159912,24.00718746185302,27.25580968856815,34.856439132690525,180.0361785888672
stdh,float32,-3.0000000054977558e+38,372617,197876,3338,4,-158.5162353515625,-9.022620569229126,-6.752897262573242,-4.769646167755127,-0.8662226080894466,-0.0013792760437354445,15.194213151931763,128.87129974365234,354.9002990722656,686.6592529296877,937.2272338867188,1507.5378710937512,1747.9987213134773,2469.73193359375,6035.9951171875
swi_10,float32,-3.0000000054977558e+38,372617,197876,3338,4,0.5272032022476196,3.9532016801834104,4.29567449092865,4.514558792114258,5.356361627578735,5.946914196014404,7.22106409072876,9.574360847473145,13.845267295837402,20.001750946044922,22.122547149658203,23.719161987304688,23.96468734741211,24.681308231353768,26.521255493164062
swi_10000,float32,-3.0000000054977558e+38,372617,197876,3338,4,1.693275809288025,3.950985515117645,4.293229746818542,4.512099742889404,5.341909646987915,5.900089740753174,7.018227577209473,8.557097434997559,11.606366634368896,19.600467681884766,21.949443817138672,23.568639755249023,23.90373992919922,24.646561698914354,26.935819625854492
tpi_32,float32,-3.0000000054977558e+38,372617,197876,3338,4,-52.25966262817383,-4.258792223930358,-2.9332931637763977,-2.4078558683395386,-1.2218849658966064,-0.7066689729690552,-0.15152962505817413,-2.3146756689129688e-07,0.10253537446260452,0.6688761711120605,1.2993488311767578,2.9659039974212646,3.697670459747343,5.500285773277376,76.27061462402344
tpi_4,float32,-3.0000000054977558e+38,372617,197876,3338,4,-30.71683120727539,-1.8964954662322997,-1.2751973807811736,-1.023633635044098,-0.484697163105011,-0.27809470891952515,-0.06750914081931114,2.293599936820101e-05,0.05508171394467354,0.2598579227924347,0.497291162610054,1.1794454097747789,1.4919852316379583,2.2503428983688494,27.141986846923828
tri_16,float32,-3.0000000054977558e+38,372617,197876,3338,4,-4.756242752075195,-0.3456433829665183,-0.026732947118580333,-1.4188014938554215e-05,0.0,0.0,1.234067976474762,6.4546942710876465,22.372940063476562,46.0140266418457,58.68410873413086,82.32771530151365,92.82220191955571,117.24361709594746,472.2900390625
tri_32,float32,-3.0000000054977558e+38,372617,197876,3338,4,-3.6563572883605957,-0.16055518820881842,-0.006113040330819782,-5.901069494163015e-11,0.0,3.058763553553945e-08,2.114410877227783,12.297004699707031,42.14016914367676,82.91555786132812,104.4595947265625,144.13525238037096,160.78704757690457,199.39066955566432,541.3324584960938
tri_4,float32,-3.0000000054977558e+38,372617,197876,3338,4,-5.71565580368042,-0.3303392919898033,-0.044008106179535385,-0.004041009675711389,0.0,0.0,0.4366459995508194,1.8455517292022705,6.254300832748413,13.282257080078125,17.192667961120605,24.526012802123944,27.842089271545433,35.55377033233657,194.9850311279297
tsc_16,float32,-3.0000000054977558e+38,372617,197876,3338,4,-2.927828311920166,-0.24863539859652517,-0.0570676939561963,-0.0001340078917564823,0.0,0.0,41.091278076171875,48.05939483642578,52.38774871826172,57.98695755004883,62.29060173034668,72.34049682617183,76.50735473632812,85.05993385314957,100.48602294921875
tsc_32,float32,-3.0000000054977558e+38,372617,197876,3338,4,-0.19079609215259552,-0.015315688652917742,-0.00028361102595226824,-3.2656123695483447e-14,0.0,0.04997582361102104,43.29561233520508,48.315025329589844,51.44173812866211,55.248260498046875,58.14713096618652,65.15995483398433,68.24780006408696,74.9084730529787,96.5634536743164
tsc_4,float32,-3.0000000054977558e+38,372617,197876,3338,4,-40.3536376953125,-2.7213710141181946,-1.2914170563220977,-0.26423871815204614,0.0,0.0,37.6588191986084,47.73469161987305,53.854366302490234,62.05645751953125,68.37454223632812,82.05527191162105,87.10718269348149,96.10945480346686,143.8269805908203
twi,float32,-3.0000000054977558e+38,372617,197876,3338,4,4.144125461578369,6.261001572608948,6.600945949554443,6.820036888122559,7.647997856140137,8.19636058807373,9.23218059539795,10.356242179870605,11.478681087493896,11.699911117553711,12.287971496582031,13.618826198577878,14.195570945739746,15.488608102798466,20.83008575439453
vlyd,float32,-3.0000000054977558e+38,372617,197876,3338,4,-186.76795959472656,-5.756677628040314,0.9028383633494378,1.1560461235046386,1.947656273841858,3.040254807472229,9.08371353149414,34.8759765625,105.97099304199219,340.52417297363286,548.2857055664062,967.115966796875,1191.0941162109375,1382.5224609375,2660.02734375
vrm_16,float32,-3.0000000054977558e+38,372617,197876,3338,4,-0.04883512854576111,-0.0006476108403876424,-7.805398927303031e-05,-4.803352567250839e-06,0.0,0.0,0.00016163327381946146,0.001326539320871234,0.011484838090837002,0.03699915483593941,0.059774426743388176,0.12088411524891829,0.14829237312078636,0.20742319658398833,0.5640274882316589
vrm_32,float32,-3.0000000054977558e+38,372617,197876,3338,4,-0.003744269022718072,-0.00016784190709586254,-3.2029388762566644e-06,-6.7679491785183e-12,0.0,1.5043152677305868e-14,0.000289304371108301,0.0024372274056077003,0.020144648849964142,0.058386288583278656,0.08817539364099503,0.152761885523796,0.17838458642363575,0.23529376372694988,0.5051151514053345
vrm_4,float32,-3.0000000054977558e+38,372617,197876,3338,4,-0.025279510766267776,-0.0013316662434954196,-0.00041817080345936115,-0.00016684510046616197,0.0,0.0,5.5100483223213814e-05,0.0004319158324506134,0.0033173171104863286,0.011884648352861404,0.020402012392878532,0.04484702870249746,0.056150565482676495,0.08183771885931657,0.31450796127319336
